date,max_temperature,avg_hourly_temperature,avg_temperature,min_temperature,max_humidex,min_windchill,max_relative_humidity,avg_hourly_relative_humidity,avg_relative_humidity,min_relative_humidity,max_dew_point,avg_hourly_dew_point,avg_dew_point,min_dew_point,max_wind_speed,avg_hourly_wind_speed,avg_wind_speed,min_wind_speed,max_wind_gust,wind_gust_dir_10s,max_pressure_sea,avg_hourly_pressure_sea,avg_pressure_sea,min_pressure_sea,max_pressure_station,avg_hourly_pressure_station,avg_pressure_station,min_pressure_station,max_visibility,avg_hourly_visibility,avg_visibility,min_visibility,max_health_index,avg_hourly_health_index,avg_health_index,min_health_index,heatdegdays,cooldegdays,growdegdays_5,growdegdays_7,growdegdays_10,precipitation,rain,snow,snow_on_ground,sunrise,sunset,daylight,sunrise_f,sunset_f,min_uv_forecast,max_uv_forecast,min_high_temperature_forecast,max_high_temperature_forecast,min_low_temperature_forecast,max_low_temperature_forecast,solar_radiation,max_cloud_cover_4,avg_hourly_cloud_cover_4,avg_cloud_cover_4,min_cloud_cover_4,max_cloud_cover_8,avg_hourly_cloud_cover_8,avg_cloud_cover_8,min_cloud_cover_8,max_cloud_cover_10,avg_hourly_cloud_cover_10,avg_cloud_cover_10,min_cloud_cover_10
2020-09-01,21.5,17.64,18.05,14.6,25,,85,76.2,73.5,62,15.2,13.4,13.3,11.4,15,7.42,8,1,,,102.2,102.05,102,101.8,102.16,102.01,101.96,101.76,48300,27333.3,34600,20900,2.5,1.8,1.8,1,0,0.1,13.1,11.1,8.1,0,0,0,,06:29:00,19:55:00,13.43,6.48,19.92,3,6,20,21,14,15,,,,,,8,6.1,5.5,3,,,,
2020-08-31,19.3,15.82,16.14,13,,,90,80.3,79.5,69,13.3,12.4,12.5,11.7,16,6.71,8.5,1,,,102.1,101.95,101.89,101.69,102.09,101.93,101.88,101.68,32200,28558.3,26550,20900,2.1,1.6,1.6,1,1.9,0,11.1,9.1,6.1,0,0,0,,06:28:00,19:57:00,13.48,6.47,19.95,6,7,19,19,13,13,,,,,,8,6.3,5.5,3,,,,
2020-08-30,19.7,14.86,14.55,9.4,,,86,76.2,72.5,59,13.6,10.7,10.6,7.5,14,7.83,9,4,,,102.21,101.96,101.95,101.7,102.2,101.95,101.94,101.69,32200,27075,25750,19300,2.2,1.6,1.6,1,3.5,0,9.6,7.5,4.5,0,0,0,,06:26:00,19:59:00,13.55,6.43,19.98,7,7,19,19,13,13,,,,,,8,5.1,4.5,1,,,,
2020-08-29,19.1,16.31,16.5,13.9,,,81,68.6,67.5,54,12.3,10.5,10.6,8.8,45,28.25,26,7,55,28,101.81,101.6,101.62,101.43,101.79,101.59,101.61,101.42,48300,32529.2,36200,24100,2,1.6,1.6,1.2,1.5,0,11.5,9.5,6.5,0,0,0,,06:25:00,20:01:00,13.6,6.42,20.02,6,7,20,20,11,11,,,,,,7,3.2,4,1,,,,
2020-08-28,21.9,16.7,17.2,12.5,25,,92,82.9,78,64,15.8,13.8,13.4,11.1,33,12.08,18.5,4,42,29,101.74,101.61,101.58,101.43,101.73,101.59,101.58,101.42,32200,31862.5,28150,24100,2.5,1.8,1.8,1,0.8,0,12.2,10.2,7.2,0,0,0,,06:23:00,20:04:00,13.68,6.38,20.07,7,9,20,20,13,13,,,,,,7,2.6,3.5,0,,,,
2020-08-27,20.3,16.81,15.85,11.4,,,89,75.9,74.5,60,14.4,12.5,12.3,10.2,13,7.58,7,1,,,101.72,101.6,101.58,101.43,101.71,101.58,101.56,101.42,32200,32200,32200,32200,3,1.7,2,1,2.1,0,10.8,8.8,5.8,0,0,0,,06:22:00,20:06:00,13.73,6.37,20.1,7,7,20,20,13,13,,,,,,3,1.3,1.5,0,,,,
2020-08-26,20.2,16.72,15.75,11.3,,,93,79.4,80.5,68,14.4,13.1,12.5,10.6,21,10.83,11.5,2,,,101.69,101.52,101.51,101.32,101.68,101.5,101.49,101.31,32200,32200,32200,32200,3,1.6,2,1,2.2,0,10.8,8.8,5.8,0,0,0,,06:20:00,20:08:00,13.8,6.33,20.13,7,7,20,20,12,12,,,,,,7,2.7,3.5,0,,,,
2020-08-25,19.8,16.52,15.4,11,,,94,82,80.5,67,14.7,13.4,13.2,11.8,23,10.79,12,1,32,28,101.58,101.48,101.49,101.4,101.57,101.47,101.48,101.39,40200,36200,36200,32200,2.2,1.4,1.6,1,2.6,0,10.4,8.4,5.4,0,0,0,,06:19:00,20:10:00,13.85,6.32,20.17,6,7,22,22,12,12,,,,,,8,2.4,4,0,,,,
2020-08-24,19.6,17.1,16.95,14.3,,,92,81,81.5,71,15.5,13.8,14.1,12.6,22,13.17,13,4,,,101.56,101.45,101.45,101.34,101.55,101.43,101.44,101.33,40200,33858.3,32150,24100,2.3,1.5,1.6,1,1.1,0,11.9,9.9,7,0.3,0.3,0,,06:18:00,20:12:00,13.9,6.3,20.2,6,6,21,21,12,13,,,,,,8,5.3,4,0,,,,
2020-08-23,20.1,16.68,16.55,13,,,89,81.8,81,73,15.2,13.6,13.4,11.6,23,14.42,13,3,35,28,101.69,101.55,101.53,101.36,101.69,101.54,101.51,101.34,40200,35866.7,36200,32200,2.2,1.4,1.6,1,1.4,0,11.6,9.6,6.5,0,0,0,,06:16:00,20:14:00,13.97,6.27,20.23,6,7,20,20,15,15,,,,,,8,7,6,4,,,,
2020-08-22,20.3,16.42,16,11.7,,,95,76,77,59,13.8,12.1,12.4,11,15,11.71,10,5,,,102.06,101.84,101.75,101.44,102.06,101.83,101.74,101.42,40200,34533.3,36200,32200,2.4,1.6,1.7,1,2,0,11,9,6,0,0,0,,06:15:00,20:16:00,14.02,6.25,20.27,7,7,21,21,13,13,,,,,,8,4.3,4,0,,,,
2020-08-21,21.5,18.39,19.05,16.6,,,93,85.2,81.5,70,17.4,15.9,14.7,12,29,18.54,19,9,39,16,101.34,100.83,100.91,100.49,101.33,100.83,100.91,100.49,32200,29241.7,19300,6400,1.6,1.2,1.3,1,0,1.1,14.1,12.1,9.1,7.6,7.6,0,,06:13:00,20:17:00,14.07,6.22,20.28,3,3,19,19,15,15,,,,,,8,7.1,5.5,3,,,,
2020-08-20,22.3,19,19,15.7,27,,95,86.1,83.5,72,18,16.6,16.4,14.9,26,13.79,13.5,1,39,12,101.2,100.99,100.93,100.67,101.19,100.98,100.93,100.66,32200,26420.8,22550,12900,2,1.3,1.5,1,0,1,14,12,9,6.6,6.6,0,,06:12:00,20:19:00,14.12,6.2,20.32,3,3,21,21,17,17,,,,,,8,7.8,7.5,7,,,,
2020-08-19,24.7,19.39,19.6,14.5,28,,90,75.1,73,56,16.9,14.8,15.1,13.2,21,11.92,11,1,,,101.61,101.37,101.33,101.04,101.59,101.35,101.31,101.03,40200,30845.8,32150,24100,2.3,1.5,1.6,1,0,1.6,14.6,12.6,9.6,0,0,0,,06:10:00,20:21:00,14.18,6.17,20.35,4,7,24,24,17,17,,,,,,8,6.4,4,0,,,,
2020-08-18,25.8,20.24,20.9,16,29,,92,71,71,50,15.7,14.5,14.6,13.4,25,15.67,17,9,37,11,101.93,101.72,101.73,101.53,101.93,101.71,101.72,101.51,48300,31845.8,36200,24100,2.2,1.5,1.6,1,0,2.9,15.9,13.9,10.9,0,0,0,,06:09:00,20:23:00,14.23,6.15,20.38,7,7,24,25,15,15,,,,,,6,3.2,3,0,,,,
2020-08-17,29.3,23.09,23.7,18.1,35,,84,63.8,64.5,45,17.8,15.6,16,14.2,23,13.08,12.5,2,,,101.72,101.52,101.47,101.21,101.72,101.51,101.46,101.19,48300,31312.5,34600,20900,3.2,2.5,2.5,1.8,0,5.7,18.7,16.7,13.7,0,0,0,,06:08:00,20:25:00,14.28,6.13,20.42,7,8,25,25,16,16,,,,,,4,1.8,2,0,,,,
2020-08-16,28.3,22.45,21.55,14.8,32,,93,65.9,68,43,18,15.4,15.8,13.5,19,7.83,10,1,,,101.24,101.14,101.11,100.99,101.23,101.13,101.11,100.98,40200,32187.5,32150,24100,4.9,2.6,3,1.1,0,3.5,16.6,14.6,11.6,0,0,0,,06:06:00,20:27:00,14.35,6.1,20.45,8,8,27,27,17,18,,,,,,7,2,3.5,0,,,,
2020-08-15,23.9,19.23,18.45,13,28,,91,74.9,76.5,62,17.5,14.6,14.2,10.9,16,8.75,8.5,1,,,102.02,101.65,101.59,101.16,102.01,101.63,101.58,101.15,32200,32200,32200,32200,3.8,2.2,2.5,1.1,0,0.4,13.4,11.4,8.4,0,0,0,,06:05:00,20:29:00,14.4,6.08,20.48,8,8,24,24,15,15,,,,,,1,0.1,0.5,0,,,,
2020-08-14,22.2,17.44,17.1,12,,,79,68.5,66.5,54,14.3,11.6,11.4,8.6,14,7.92,8,2,,,102.34,102.2,102.18,102.03,102.33,102.19,102.17,102.01,40200,34866.7,36200,32200,3.1,2.3,2.1,1.2,0.9,0,12.1,10.1,7.1,0,0,0,,06:03:00,20:31:00,14.47,6.05,20.52,8,8,21,21,13,13,,,,,,5,1.5,2.5,0,,,,
2020-08-13,20,16.28,15.35,10.7,,,83,71.2,67.5,52,13.1,11,10.5,7.9,15,10.58,9.5,4,30,29,102.16,102.01,102.01,101.85,102.14,102,101.99,101.84,32200,32200,32200,32200,2.9,2.5,2.5,2,2.6,0,10.3,8.3,5.3,0,0,0,,06:02:00,20:33:00,14.52,6.03,20.55,7,7,22,22,11,11,,,,,,7,2.5,3.5,0,,,,
2020-08-12,19.9,16.39,16.75,13.6,,,78,66.4,65,52,11.7,10.1,10.3,8.9,27,14.88,15.5,4,37,29,101.85,101.63,101.53,101.22,101.84,101.62,101.52,101.21,32200,30512.5,28150,24100,1.9,1.6,1.6,1.3,1.2,0,11.8,9.8,6.8,0,0,0,,06:00:00,20:34:00,14.57,6,20.57,6,7,20,20,11,11,,,,,,8,3.8,5,2,,,,
2020-08-11,19,16.74,16.45,13.9,,,87,76.5,77,67,15.2,12.6,13.1,10.9,26,15.21,16,6,37,26,101.37,101.26,101.24,101.1,101.36,101.25,101.22,101.09,32200,29162.5,28150,24100,2.2,1.6,1.6,1,1.6,0,11.4,9.4,6.5,0,0,0,,05:59:00,20:36:00,14.62,5.98,20.6,8,8,21,21,13,13,,,,,,8,5.6,4,0,,,,
2020-08-10,21.7,18.03,17.35,13,25,,89,76.7,75,61,15.7,13.8,14,12.3,29,14.12,16,3,33,28,102.16,101.81,101.77,101.38,102.15,101.8,101.76,101.38,32200,31187.5,28150,24100,2,1.5,1.5,1,0.6,0,12.3,10.3,7.3,0,0,0,,05:58:00,20:38:00,14.67,5.97,20.63,8,9,23,23,14,14,,,,,,8,3.7,4,0,,,,
2020-08-09,21,17.26,15.95,10.9,,,92,75.8,77.5,63,14.5,12.9,12.7,10.9,17,9.04,8.5,0,,,102.59,102.42,102.39,102.2,102.58,102.4,102.39,102.19,32200,32200,32200,32200,2.3,1.4,1.6,1,2,0,10.9,8.9,6,0,0,0,,05:56:00,20:40:00,14.73,5.93,20.67,8,9,21,21,13,15,,,,,,2,1,1,0,,,,
2020-08-08,20.7,17.24,17.7,14.7,,,94,78.8,75,56,15.9,13.4,13.6,11.2,32,15.83,17.5,3,39,28,102.29,102.15,102.15,102.01,102.28,102.14,102.14,102,32200,29241.7,22550,12900,1.8,1.4,1.4,1,0.3,0,12.7,10.7,7.7,1.8,1.8,0,,05:55:00,20:41:00,14.77,5.92,20.68,7,8,20,20,13,13,,,,,,8,5.5,4.5,1,,,,
2020-08-07,19.5,16.12,16.75,14,,,93,81.5,77,61,14,12.8,12.8,11.7,22,13.62,14,6,27,23,102.17,102.03,101.95,101.73,102.16,102.02,101.94,101.72,32200,27033.3,20950,9700,2,1.4,1.5,1,1.2,0,11.8,9.8,6.8,4.6,4.6,0,,05:53:00,20:43:00,14.83,5.88,20.72,6,8,19,19,14,14,,,,,,8,7.7,7,6,,,,
2020-08-06,20.6,16.98,17.85,15.1,,,97,81.1,77.5,58,15.8,13.6,13.4,11,37,18.42,22,7,48,19,101.69,101.17,101.25,100.8,101.68,101.16,101.24,100.79,32200,25029.2,17500,2800,1.8,1.3,1.4,1,0.1,0,12.8,10.8,7.8,25.6,25.6,0,,05:52:00,20:45:00,14.88,5.87,20.75,5,7,20,20,12,14,,,,,,8,7.4,7,6,,,,
2020-08-05,26.5,20.2,20.7,14.9,28,,91,65.2,64,37,14.9,12.9,12.6,10.3,24,16.88,15.5,7,33,12,101.35,101.14,101.08,100.8,101.35,101.13,101.07,100.79,32200,30512.5,28150,24100,2.5,1.7,1.8,1,0,2.7,15.7,13.7,10.7,0,0,0,,05:51:00,20:46:00,14.92,5.85,20.77,8,9,25,25,15,15,,,,,,4,2.2,2,0,,,,
2020-08-04,24.3,20.48,20,15.7,30,,95,79.2,80.5,66,18,16.7,16.1,14.3,28,12.67,15.5,3,33,28,101.94,101.72,101.64,101.34,101.94,101.71,101.64,101.33,32200,29500,28150,24100,2.4,1.6,1.7,1,0,2,15,13,10,0,0,0,,05:49:00,20:48:00,14.98,5.82,20.8,8,8,24,24,15,15,,,,,,2,1.4,1,0,,,,
2020-08-03,25.7,20.29,20.39,15.1,30,,95,77.4,75,55,18.2,15.9,16.2,14.3,20,11.83,11.5,3,29,20,102.1,102,101.95,101.8,102.1,101.98,101.94,101.79,32200,31187.5,28150,24100,2,1.5,1.5,1,0,2.4,15.4,13.4,10.4,0,0,0,,05:48:00,20:49:00,15.02,5.8,20.82,8,8,24,25,15,15,,,,,,6,3,3,0,,,,
2020-08-02,25.4,19.64,19.95,14.5,28,,91,71.8,69,47,16.4,14.1,14.3,12.3,25,14.96,15,5,35,12,101.79,101.73,101.74,101.68,101.78,101.72,101.72,101.67,40200,32533.3,36200,32200,2.1,1.5,1.6,1,0,2,14.9,12.9,9.9,0,0,0,,05:46:00,20:51:00,15.08,5.77,20.85,8,8,23,23,15,15,,,,,,8,5,4,0,,,,
2020-08-01,24.3,19.18,19.2,14.1,28,,93,72.7,73.5,54,15.8,14,14.3,12.9,23,15.83,16,9,37,14,101.95,101.79,101.81,101.66,101.95,101.78,101.8,101.65,32200,32200,32200,32200,2.1,1.3,1.6,1,0,1.2,14.2,12.2,9.2,0,0,0,,05:45:00,20:52:00,15.12,5.75,20.87,8,8,25,25,15,16,,,,,,6,2.6,3,0,,,,
2020-07-31,25.4,20.43,21.15,16.9,27,,83,63.5,66,49,14.8,13.1,12.6,10.3,28,19.08,18.5,9,37,12,101.63,101.34,101.36,101.08,101.64,101.33,101.36,101.07,32200,32200,32200,32200,3.1,2.2,2.1,1.1,0,3.1,16.1,14.2,11.2,0,0,0,,05:44:00,20:54:00,15.17,5.73,20.9,7,7,25,25,17,17,,,,,,8,5.8,4.5,1,,,,
2020-07-30,25.8,20.86,19.55,13.3,32,,89,75.8,74.5,60,19,16.4,15.8,12.5,23,11.83,13,3,,,101.59,101.37,101.31,101.04,101.58,101.36,101.31,101.03,32200,32200,32200,32200,4.2,2.6,2.8,1.3,0,1.6,14.6,12.6,9.6,0,0,0,,05:42:00,20:55:00,15.22,5.7,20.92,8,8,26,26,18,18,,,,,,3,0.6,1.5,0,,,,
2020-07-29,24.7,18.98,18.2,11.7,27,,95,69,71,47,17,12.9,12.9,8.9,14,8.54,7.5,1,,,101.43,101.33,101.31,101.18,101.42,101.32,101.29,101.17,32200,30512.5,28150,24100,3.8,2.4,2.4,1,0,0.2,13.2,11.2,8.2,0,0,0,,05:41:00,20:57:00,15.27,5.68,20.95,8,8,25,26,18,18,,,,,,2,0.8,1,0,,,,
2020-07-28,23.2,18.46,19.2,15.2,27,,96,82.8,77.5,59,18.4,15.4,15.7,13,23,13.17,12.5,2,32,19,101.31,101.17,101.12,100.94,101.3,101.16,101.12,100.93,48300,28820.8,36200,24100,3.1,2,2,1,0,1.2,14.2,12.2,9.2,0,0,0,,05:40:00,20:58:00,15.3,5.67,20.97,5,8,25,25,14,16,,,,,,8,4.6,4,0,,,,
2020-07-27,26.4,21.07,20.29,14.2,31,,97,77.8,77,57,18.9,16.9,15.9,13,19,8.67,10,1,,,101.37,101.15,101.11,100.85,101.36,101.15,101.1,100.83,48300,32195.8,36200,24100,4.4,2.5,2.8,1.1,0,2.3,15.3,13.3,10.3,0,0,0,,05:38:00,21:00:00,15.37,5.63,21,8,8,25,25,16,16,,,,,,3,1,1.5,0,,,,
2020-07-26,24.2,19.48,17.89,11.6,29,,94,76.2,76.5,59,17.6,15.1,14.7,11.7,23,13.42,12.5,2,32,29,102.08,101.8,101.71,101.34,102.07,101.79,101.7,101.33,48300,32870.8,40250,32200,3.2,1.8,2.1,1,0.1,0,12.9,10.9,7.9,0,0,0,,05:37:00,21:01:00,15.4,5.62,21.02,8,8,25,25,17,17,,,,,,1,0.3,0.5,0,,,,
2020-07-25,21.5,16.99,16.3,11.1,25,,87,75.1,75,63,15.4,12.5,12.5,9.6,15,8.83,8,1,28,31,102.19,102.05,102.06,101.93,102.18,102.04,102.05,101.91,32200,32200,32200,32200,2.3,1.5,1.6,1,1.7,0,11.3,9.3,6.3,0,0,0,,05:36:00,21:02:00,15.43,5.6,21.03,8,9,22,22,14,14,,,,,,4,1.2,2,0,,,,
2020-07-24,20.3,16.81,17.35,14.4,,,81,71.9,70.5,60,13.4,11.7,11.6,9.8,23,15.33,14.5,6,33,10,101.92,101.66,101.67,101.42,101.91,101.65,101.67,101.42,32200,32200,32200,32200,1.7,1.3,1.4,1,0.6,0,12.3,10.3,7.3,0,0,0,,05:35:00,21:03:00,15.47,5.58,21.05,6,7,21,21,13,13,,,,,,8,5,4,0,,,,
2020-07-23,21.6,17.55,18.2,14.8,25,,88,74,73.5,59,14.5,12.8,12.6,10.7,28,19.12,18.5,9,37,12,101.52,101.35,101.31,101.1,101.52,101.34,101.31,101.1,32200,32200,32200,32200,1.4,1.1,1.2,1,0,0.2,13.2,11.2,8.2,0,0,0,,05:33:00,21:05:00,15.53,5.55,21.08,6,7,21,22,14,14,,,,,,8,7.1,6,4,,,,
2020-07-22,24.3,18.68,19.95,15.6,29,,90,77.2,74,58,16.5,14.5,15.1,13.6,22,15.96,14,6,,,101.07,100.99,100.96,100.85,101.07,100.98,100.95,100.84,32200,30512.5,28150,24100,1.8,1.2,1.4,1,0,2,14.9,12.9,9.9,0,0,0,,05:32:00,21:06:00,15.57,5.53,21.1,7,8,24,24,14,14,,,,,,8,5.7,5.5,3,,,,
2020-07-21,27.5,21.03,21.6,15.7,32,,95,75,71.5,48,19.5,16.2,17,14.5,17,11.29,11,5,35,18,101.23,101.06,101.01,100.79,101.22,101.05,101,100.78,32200,29837.5,28150,24100,2.2,1.5,1.6,1,0,3.6,16.6,14.6,11.6,0,0,0,,05:31:00,21:07:00,15.6,5.52,21.12,9,9,22,24,16,16,,,,,,7,3.6,4,1,,,,
2020-07-20,23.8,20.19,20.5,17.2,29,,90,79.5,79,68,17.4,16.5,16.5,15.6,31,20.71,19.5,8,37,29,101.78,101.54,101.48,101.18,101.78,101.53,101.48,101.18,32200,31862.5,28150,24100,3,1.5,2,1,0,2.5,15.5,13.5,10.5,0,0,0,,05:30:00,21:08:00,15.63,5.5,21.13,8,9,25,25,16,16,,,,,,3,1.4,1.5,0,,,,
2020-07-19,22.7,19.69,18.6,14.5,28,,88,79.1,79,70,17.5,16,15.3,13.1,30,16.54,16,2,39,30,102,101.83,101.8,101.6,101.99,101.81,101.78,101.58,32200,32200,32200,32200,3,1.4,2,1,0,0.6,13.6,11.6,8.6,0,0,0,,05:28:00,21:09:00,15.68,5.47,21.15,9,9,23,23,16,16,,,,,,8,3.6,4,0,,,,
2020-07-18,22.7,18.62,17.05,11.4,27,,91,75.2,77,63,16.6,14.1,13.7,10.8,22,10.42,11,0,,,102.34,102.15,102.1,101.86,102.33,102.13,102.09,101.85,32200,32200,32200,32200,2.3,1.5,1.6,1,0.9,0,12.1,10.1,7,0,0,0,,05:27:00,21:10:00,15.72,5.45,21.17,9,9,21,22,15,15,,,,,,4,2.3,2,0,,,,
2020-07-17,21,18.23,18.35,15.7,,,88,73.8,75,62,14.8,13.4,12.8,10.7,23,13.83,14.5,6,32,28,102.12,101.77,101.77,101.41,102.12,101.76,101.76,101.4,32200,32200,32200,32200,2,1.3,1.5,1,0,0.4,13.3,11.3,8.3,0,0,0,,05:26:00,21:11:00,15.75,5.43,21.18,6,6,21,21,13,13,,,,,,8,4.8,4.5,1,,,,
2020-07-16,24.4,18.82,19.7,15,29,,93,78.8,75,57,15.9,14.9,14.9,14,27,16.83,18,9,33,11,101.6,101.48,101.45,101.31,101.59,101.47,101.44,101.3,32200,31458.3,27350,22500,3,1.3,2,1,0,1.7,14.7,12.7,9.7,0,0,0,,05:25:00,21:12:00,15.78,5.42,21.2,7,9,23,23,16,16,,,,,,8,6.6,4,0,,,,
2020-07-15,24.3,19.05,19.05,13.8,28,,88,71.9,70.5,53,16.1,13.7,13.3,10.6,18,12.79,12,6,35,18,102.05,101.87,101.84,101.63,102.05,101.87,101.84,101.62,32200,30512.5,28150,24100,2.9,1.9,2,1,0,1.1,14.1,12.1,9.1,0,0,0,,05:24:00,21:13:00,15.82,5.4,21.22,9,9,22,22,15,15,,,,,,6,3,3,0,,,,
2020-07-14,21.3,17.39,16.14,11,25,,88,74,75.5,63,14.7,12.7,12.1,9.5,16,9.12,8.5,1,,,102.18,102.03,102.05,101.91,102.18,102.02,102.04,101.9,32200,29500,28150,24100,2.4,1.6,1.7,1,1.9,0,11.1,9.1,6.1,0,0,0,,05:23:00,21:14:00,15.85,5.38,21.23,8,9,20,21,13,13,,,,,,8,3.6,4,0,,,,
2020-07-13,19.2,16.14,15.25,11.3,,,89,76.3,75.5,62,14.1,11.9,11.8,9.6,16,10.42,10,4,,,102.09,101.98,101.97,101.85,102.08,101.97,101.96,101.84,32200,31862.5,28150,24100,2.2,1.5,1.6,1,2.8,0,10.2,8.2,5.2,0,0,0,,05:22:00,21:15:00,15.88,5.37,21.25,8,8,20,20,11,12,,,,,,4,1.9,2,0,,,,
2020-07-12,20.1,16.14,15.7,11.3,,,96,76,74,52,13.8,11.7,11.6,9.3,17,11.21,10.5,4,35,20,102,101.92,101.92,101.84,101.99,101.91,101.91,101.83,32200,32200,32200,32200,2,1.6,1.5,1,2.3,0,10.7,8.7,5.7,0,0,0,,05:21:00,21:16:00,15.92,5.35,21.27,6,7,20,20,11,11,,,,,,7,4.1,3.5,0,,,,
2020-07-11,17.5,15.25,15.4,13.3,,,93,82.9,80.5,68,13.9,12.3,12.5,11.1,18,13.12,13,8,,,101.93,101.85,101.86,101.78,101.92,101.84,101.84,101.77,32200,29779.2,24150,16100,1.8,1.4,1.4,1,2.6,0,10.4,8.4,5.4,3.2,3.2,0,,05:20:00,21:16:00,15.93,5.33,21.27,3,7,19,19,12,13,,,,,,8,7,5,2,,,,
2020-07-10,21.4,16.51,16.39,11.4,,,91,71.5,72.5,54,12.5,11.2,11.2,10,25,14.79,15.5,6,35,12,102.26,102.03,101.99,101.71,102.24,102.02,101.97,101.71,32200,32200,32200,32200,2.3,1.5,1.6,1,1.6,0,11.4,9.4,6.4,0,0,0,,05:19:00,21:17:00,15.97,5.32,21.28,7,8,22,22,14,14,,,,,,8,3.6,4,0,,,,
2020-07-09,20.4,16.32,17.04,13.7,,,96,82.3,79.5,63,14.8,13.2,12.8,10.8,21,13.58,11.5,2,33,15,101.69,101.56,101.59,101.49,101.69,101.55,101.59,101.48,32200,25466.7,17500,2800,2,1.4,1.5,1,1,0,12,10,7,4.6,4.6,0,,05:18:00,21:18:00,16,5.3,21.3,6,6,19,20,13,13,,,,,,8,6.2,5,2,,,,
2020-07-08,20.9,16.69,17.14,13.4,,,92,72,72.5,53,13.6,11.5,12.1,10.5,19,12.71,11,3,33,13,101.9,101.79,101.76,101.63,101.9,101.78,101.76,101.62,32200,29500,28150,24100,1.9,1.4,1.4,1,0.9,0,12.1,10.1,7.1,0.8,0.8,0,,05:17:00,21:18:00,16.02,5.28,21.3,8,8,20,20,14,14,,,,,,8,7.1,6.5,5,,,,
2020-07-07,18.7,16.12,16.1,13.5,,,81,70.7,70,59,12,10.8,10.8,9.6,23,15.25,15,7,33,20,101.85,101.69,101.65,101.45,101.84,101.68,101.64,101.45,32200,28487.5,28150,24100,10,1.7,5.5,1,1.9,0,11.1,9.1,6.1,0,0,0,,05:16:00,21:19:00,16.05,5.27,21.32,5,6,20,21,13,13,,,,,,8,7.4,7,6,,,,
2020-07-06,20.9,16.89,16.54,12.2,,,87,69,71,55,12.2,11,11,9.8,20,13.42,14,8,32,13,101.75,101.62,101.6,101.44,101.75,101.61,101.59,101.43,32200,31187.5,28150,24100,2.3,1.7,1.6,1,1.5,0,11.5,9.5,6.5,0,0,0,,05:15:00,21:19:00,16.07,5.25,21.32,8,8,19,19,13,13,,,,,,8,6,4,0,,,,
2020-07-05,20.2,15.98,15.2,10.2,,,92,73.9,75.5,59,13.5,11.2,11.4,9.4,14,7.79,7.5,1,,,102.21,102.04,101.99,101.76,102.2,102.03,101.97,101.75,32200,31862.5,28150,24100,3,1.9,2,1,2.8,0,10.2,8.2,5.2,0,0,0,,05:14:00,21:20:00,16.1,5.23,21.33,10,10,20,20,12,12,,,,,,4,1.5,2,0,,,,
2020-07-04,18.9,15.05,15.6,12.3,,,95,79.5,74.5,54,13.5,11.4,11.4,9.3,15,8,9,3,,,102.32,102.22,102.2,102.09,102.3,102.21,102.19,102.08,32200,30850,28150,24100,2.1,1.5,1.6,1,2.4,0,10.6,8.6,5.6,0,0,0,,05:14:00,21:20:00,16.1,5.23,21.33,8,9,18,18,11,11,,,,,,8,6.4,5,2,,,,
2020-07-03,14.6,13.16,13.45,12.3,,,96,91.2,89,82,12.3,11.8,11.6,10.9,15,9.88,10,5,,,102.12,101.84,101.81,101.49,102.11,101.83,101.8,101.48,32200,22254.2,18500,4800,2,1.5,1.5,1,4.5,0,8.4,6.5,3.5,16.2,16.2,0,,05:13:00,21:21:00,16.13,5.22,21.35,2,3,14,14,11,11,,,,,,8,8,8,8,,,,
2020-07-02,18.3,14.47,15.55,12.8,,,93,80.4,75.5,58,12.4,11,10.3,8.3,28,16.04,19,10,42,13,101.6,101.37,101.31,101.03,101.59,101.37,101.31,101.03,32200,31862.5,28150,24100,2.1,1.5,1.6,1,2.5,0,10.6,8.6,5.5,1,1,0,,05:12:00,21:21:00,16.15,5.2,21.35,6,6,17,17,11,12,,,,,,8,8,8,8,,,,
2020-07-01,14.8,13.95,13.9,13,,,91,86.8,85.5,80,12.7,11.8,11.7,10.7,22,14.83,14.5,7,33,28,101.28,101.17,101.15,101.02,101.27,101.17,101.14,101.01,32200,27012.5,22550,12900,2,1.2,1.5,1,4.1,0,8.9,6.9,3.9,1.4,1.4,0,,05:12:00,21:21:00,16.15,5.2,21.35,2,6,17,20,11,12,,,,,,8,7.7,6.5,5,,,,
2020-06-30,19.8,15.69,16.64,13.5,,,90,75.8,74,58,12.6,11.4,11.6,10.6,29,14.88,17,5,35,11,101.38,101.29,101.27,101.16,101.37,101.28,101.27,101.16,32200,28487.5,28150,24100,2,1.4,1.5,1,1.4,0,11.6,9.6,6.6,0.6,0.6,0,,05:11:00,21:22:00,16.18,5.18,21.37,7,7,21,21,12,13,,,,,,8,6.9,6,4,,,,
2020-06-29,21.9,18.06,17.35,12.8,25,,88,72.7,74.5,61,15,13,12.9,10.9,21,13.54,12.5,4,37,18,101.5,101.3,101.3,101.1,101.5,101.3,101.3,101.1,48300,30841.7,36200,24100,2.4,1.6,1.7,1,0.6,0,12.3,10.3,7.3,0,0,0,,05:10:00,21:22:00,16.2,5.17,21.37,8,8,23,23,14,15,,,,,,7,3.5,4,1,,,,
2020-06-28,21.3,16.35,16.1,10.9,25,,96,78.9,80.5,65,14.7,12.5,12.8,10.8,25,14.33,13,1,32,28,101.22,101.1,101.11,100.99,101.21,101.09,101.1,100.98,48300,32195.8,36200,24100,3,1.3,2,1,1.9,0,11.1,9.1,6.1,0.4,0.4,0,,05:10:00,21:22:00,16.2,5.17,21.37,7,7,22,22,14,14,,,,,,8,4.7,4.5,1,,,,
2020-06-27,19.1,16.05,16.2,13.3,,,95,77.9,78,61,14.4,12.1,12.1,9.8,34,18.83,19,4,46,25,101.37,101.24,101.19,101,101.36,101.23,101.17,100.98,32200,32200,32200,32200,2.1,1.4,1.6,1.1,1.8,0,11.2,9.2,6.2,0.4,0.4,0,,05:09:00,21:22:00,16.22,5.15,21.37,6,6,20,20,13,13,,,,,,8,6.9,5.5,3,,,,
2020-06-26,20.8,17.06,17.5,14.2,,,95,80.6,79.5,64,15.4,13.6,13.1,10.7,17,10.75,9.5,2,,,101.73,101.58,101.57,101.41,101.72,101.57,101.56,101.4,40200,32195.8,32150,24100,2.3,1.6,1.6,1,0.5,0,12.5,10.5,7.5,0.4,0.4,0,,05:09:00,21:22:00,16.22,5.15,21.37,7,7,21,21,15,15,,,,,,8,6.3,4,0,,,,
2020-06-25,21.1,17.7,17.5,13.9,25,,97,82,82.5,68,16,14.5,14.2,12.4,24,13,12.5,1,33,30,101.94,101.78,101.78,101.61,101.92,101.76,101.76,101.6,32200,32200,32200,32200,2.4,1.4,1.7,1,0.5,0,12.5,10.5,7.5,0,0,0,,05:08:00,21:22:00,16.23,5.13,21.37,9,10,21,21,14,14,,,,,,8,5.7,4.5,1,,,,
2020-06-24,20.9,17.93,18.14,15.4,26,,98,88.6,87,76,17.3,16,15.7,14.1,22,12.92,12,2,32,29,101.66,101.36,101.4,101.14,101.65,101.35,101.39,101.14,32200,25616.7,18500,4800,4,1.5,2.5,1,0,0.1,13.1,11.1,8.1,4.2,4.2,0,,05:08:00,21:22:00,16.23,5.13,21.37,5,6,21,21,14,14,,,,,,8,6.2,4.5,1,,,,
2020-06-23,21.1,17.7,17.95,14.8,27,,95,86.9,85.5,76,18.3,15.5,15.9,13.5,14,8,8,2,,,101.91,101.62,101.53,101.15,101.9,101.61,101.52,101.14,32200,29837.5,28150,24100,3,1.6,2,1,0.1,0,12.9,10.9,8,0.8,0.8,0,,05:08:00,21:22:00,16.23,5.13,21.37,5,7,21,21,16,16,,,,,,8,7.1,5.5,3,,,,
2020-06-22,22.5,16.55,17.05,11.6,25,,93,74,74,55,15,11.8,12.2,9.3,19,13.96,13,7,,,102.37,102.2,102.16,101.94,102.36,102.19,102.14,101.92,32200,31187.5,28150,24100,2.8,1.7,1.9,1,0.9,0,12.1,10.1,7,0,0,0,,05:07:00,21:22:00,16.25,5.12,21.37,7,9,21,21,15,15,,,,,,8,5.3,4,0,,,,
2020-06-21,21.4,16.65,17.64,13.9,,,94,74.1,73.5,53,14.5,11.8,12,9.5,22,14.5,16,10,33,14,102.17,101.9,101.83,101.48,102.17,101.89,101.82,101.47,32200,32200,32200,32200,1.9,1.3,1.4,1,0.4,0,12.6,10.6,7.6,0,0,0,,05:07:00,21:22:00,16.25,5.12,21.37,7,9,20,20,12,12,,,,,,8,5.7,4.5,1,,,,
2020-06-20,20.6,17.04,18.05,15.5,,,96,91.5,86.5,77,16.9,15.7,15.8,14.7,17,11.12,11,5,,,101.44,101.3,101.28,101.12,101.44,101.29,101.28,101.11,32200,25754.2,19300,6400,2,1.4,1.5,1,0,0.1,13.1,11.1,8.1,5.2,5.2,0,,05:07:00,21:22:00,16.25,5.12,21.37,5,7,19,21,14,14,,,,,,8,7.8,7,6,,,,
2020-06-19,24.1,18.24,18.89,13.7,26,,92,73.5,71.5,51,15.8,13.3,13.6,11.4,21,10.17,12,3,33,19,101.7,101.4,101.43,101.17,101.7,101.4,101.43,101.16,32200,30987.5,25750,19300,3,2,2,1,0,0.9,13.9,11.9,8.9,0.8,0.8,0,,05:07:00,21:21:00,16.23,5.12,21.35,7,8,20,22,14,14,,,,,,8,7,5,2,,,,
2020-06-18,19.7,16.07,15.25,10.8,,,89,74,75.5,62,13.5,11.4,11.1,8.7,16,9.54,8.5,1,,,102.46,102.17,102.08,101.71,102.46,102.16,102.08,101.7,32200,32200,32200,32200,3,1.8,2,1,2.8,0,10.2,8.2,5.2,0,0,0,,05:07:00,21:21:00,16.23,5.12,21.35,8,8,18,18,12,12,,,,,,8,5,4.5,1,,,,
2020-06-17,20.9,16,15.55,10.2,,,88,71.6,71,54,13.4,10.7,11.1,8.8,19,12.62,12.5,6,37,19,102.49,102.38,102.33,102.18,102.49,102.37,102.33,102.17,32200,30850,28150,24100,2.2,1.6,1.6,1,2.5,0,10.6,8.6,5.5,0,0,0,,05:07:00,21:21:00,16.23,5.12,21.35,8,8,19,19,11,11,,,,,,8,3.2,4,0,,,,
2020-06-16,18.6,14.12,14.2,9.8,,,93,78.4,77,61,11.9,10.3,10.3,8.7,24,12.96,15.5,7,32,28,102.15,101.8,101.79,101.43,102.15,101.8,101.78,101.42,32200,29500,28150,24100,2.1,1.6,1.6,1,3.8,0,9.2,7.2,4.2,0,0,0,,05:06:00,21:20:00,16.23,5.1,21.33,7,9,17,17,9,10,,,,,,8,4.8,5,2,,,,
2020-06-15,14,12.7,12.65,11.3,,,94,86.3,85,76,12.7,10.5,10.8,8.9,19,14.75,14.5,10,,,101.39,101.2,101.24,101.09,101.38,101.19,101.23,101.08,32200,25070.8,18500,4800,1.6,1.2,1.3,1,5.3,0,7.7,5.7,2.6,5.4,5.4,0,,05:06:00,21:20:00,16.23,5.1,21.33,2,5,15,15,10,10,,,,,,8,7.5,7,6,,,,
2020-06-14,18.1,14.08,14.55,11,,,89,73.6,74,59,10.5,9.3,9.2,7.9,25,13.12,14.5,4,35,15,101.56,101.43,101.41,101.26,101.55,101.42,101.4,101.25,32200,30850,28150,24100,1.6,1.3,1.3,1,3.5,0,9.6,7.5,4.5,0.8,0.8,0,,05:07:00,21:19:00,16.2,5.12,21.32,6,6,17,17,10,10,,,,,,8,7.5,6.5,5,,,,
2020-06-13,15.9,13.34,13.35,10.8,,,94,81.3,82,70,11,10.1,10.1,9.2,16,10.5,11,6,,,101.46,101.26,101.33,101.2,101.45,101.25,101.32,101.19,32200,29979.2,24150,16100,2,1.3,1.5,1,4.7,0,8.3,6.3,3.4,1,1,0,,05:07:00,21:19:00,16.2,5.12,21.32,5,6,15,15,12,12,,,,,,8,7.9,7.5,7,,,,
2020-06-12,17,13.94,14.65,12.3,,,96,85.9,82.5,69,12.8,11.6,11.4,10,23,12.5,12,1,35,18,101.61,101.5,101.49,101.36,101.61,101.49,101.48,101.35,32200,24954.2,19300,6400,2,1.5,1.5,1,3.4,0,9.7,7.7,4.7,13.6,13.6,0,,05:07:00,21:18:00,16.18,5.12,21.3,6,6,16,17,11,11,,,,,,8,7.8,7.5,7,,,,
2020-06-11,20.2,16.25,17,13.8,,,93,77.9,76,59,13.7,12.2,12.4,11.2,24,10.67,13.5,3,32,11,101.84,101.72,101.68,101.53,101.82,101.71,101.67,101.51,32200,31525,28150,24100,2.5,1.5,1.8,1,1,0,12,10,7,0,0,0,,05:07:00,21:18:00,16.18,5.12,21.3,3,7,17,17,12,12,,,,,,8,7.3,6.5,5,,,,
2020-06-10,20.2,15.62,16.39,12.6,,,96,86.8,82.5,69,15.1,13.3,13.5,11.9,17,10.04,10.5,4,,,102.05,101.84,101.85,101.65,102.04,101.83,101.83,101.63,32200,25645.8,18100,4000,2,1.3,1.5,1,1.6,0,11.4,9.4,6.4,1.8,1.8,0,,05:07:00,21:17:00,16.17,5.12,21.28,3,3,18,18,14,14,,,,,,8,7.7,7.5,7,,,,
2020-06-09,14.3,12.44,12.45,10.6,,,96,90.6,85,74,13.3,10.9,10.6,7.9,25,16.12,16,7,35,7,102.03,101.79,101.83,101.62,102.03,101.78,101.82,101.61,24100,15808.3,14450,4800,2,1.3,1.5,1,5.5,0,7.5,5.5,2.5,7.8,7.8,0,,05:08:00,21:16:00,16.13,5.13,21.27,1,2,14,14,14,14,,,,,,8,8,8,8,,,,
2020-06-08,18.3,14.73,15.6,12.9,,,81,63.5,63.5,46,10.5,7.7,7.9,5.3,23,13.42,14.5,6,42,27,102.09,101.96,101.88,101.66,102.08,101.95,101.87,101.65,32200,31187.5,28150,24100,1.9,1.6,1.4,1,2.4,0,10.6,8.6,5.6,0,0,0,,05:08:00,21:16:00,16.13,5.13,21.27,7,7,17,17,10,10,,,,,,8,6.8,6,4,,,,
2020-06-07,18,14.29,13.4,8.8,,,90,73.4,74,58,10.5,9.4,9.3,8.2,31,18.17,17.5,4,41,27,101.61,101.3,101.3,100.98,101.6,101.29,101.28,100.97,32200,32200,32200,32200,3,1.6,2,1,4.6,0,8.4,6.4,3.4,0,0,0,,05:08:00,21:15:00,16.12,5.13,21.25,7,7,19,19,11,11,,,,,,7,5.3,5.5,4,,,,
2020-06-06,17.2,13.23,13.95,10.7,,,92,78.8,75.5,59,10.8,9.5,9.3,7.9,25,14.21,15,5,35,18,100.94,100.78,100.75,100.56,100.93,100.77,100.74,100.55,32200,29508.3,22550,12900,3,1.9,2.2,1.4,4,0,8.9,7,4,5.4,5.4,0,,05:09:00,21:14:00,16.08,5.15,21.23,5,6,16,17,9,11,,,,,,8,6.4,5.5,3,,,,
2020-06-05,17.9,13.64,13.7,9.5,,,89,80.9,80,71,12.9,10.4,10.2,7.5,25,10.58,13,1,32,28,101.26,100.76,100.9,100.54,101.26,100.75,100.89,100.53,32200,31862.5,28150,24100,2.2,1.6,1.6,1,4.3,0,8.7,6.7,3.7,0,0,0,,05:09:00,21:13:00,16.07,5.15,21.22,5,6,19,19,9,10,,,,,,8,7.3,6.5,5,,,,
2020-06-04,19.4,14.05,15.1,10.8,,,89,74,70,51,11.8,9.3,9.8,7.8,20,13.5,12,4,,,101.9,101.72,101.62,101.34,101.89,101.71,101.61,101.33,32200,30987.5,25750,19300,11,1.9,6,1,2.9,0,10.1,8.1,5.1,0.2,0.2,0,,05:10:00,21:12:00,16.03,5.17,21.2,6,7,18,18,12,12,,,,,,8,6.1,5.5,3,,,,
2020-06-03,16.5,13.33,13.15,9.8,,,91,81.1,80,69,12.6,10.2,10.2,7.8,20,9.25,11.5,3,,,102.39,102.17,102.11,101.83,102.37,102.16,102.1,101.82,32200,30175,28150,24100,2.3,1.7,1.6,1,4.8,0,8.2,6.2,3.1,0,0,0,,05:10:00,21:11:00,16.02,5.17,21.18,7,8,17,17,11,11,,,,,,8,7.2,6.5,5,,,,
2020-06-02,15.2,12.55,12.89,10.6,,,82,75,74.5,67,10,8.2,8.7,7.4,24,13.92,15.5,7,32,10,102.4,102.25,102.26,102.12,102.39,102.24,102.26,102.12,32200,25333.3,19300,6400,2.3,1.7,1.6,1,5.1,0,7.9,5.9,2.9,4.4,4.4,0,,05:11:00,21:10:00,15.98,5.18,21.17,2,3,15,15,9,10,,,,,,8,6.9,5,2,,,,
2020-06-01,18.4,13.62,12.85,7.3,,,87,70.3,67,47,10.6,8.2,8.5,6.4,18,11.62,11.5,5,33,21,102.24,102.08,102.07,101.9,102.23,102.07,102.06,101.89,32200,31187.5,28150,24100,2.4,1.7,1.7,1,5.2,0,7.8,5.8,2.8,0,0,0,,05:11:00,21:09:00,15.97,5.18,21.15,7,7,18,18,10,10,,,,,,8,3.6,5,2,,,,
2020-05-31,17.2,12.52,13.75,10.3,,,94,77.3,70,46,10.5,8.4,8,5.5,23,14.5,13.5,4,35,9,101.91,101.63,101.52,101.13,101.9,101.62,101.51,101.12,32200,27029.2,22550,12900,2.1,1.6,1.6,1.2,4.2,0,8.8,6.8,3.8,0,0,0,,05:12:00,21:08:00,15.93,5.2,21.13,6,7,16,17,9,10,,,,,,8,7.2,5,2,,,,
2020-05-30,16.2,13.52,13.64,11.1,,,95,86.3,84.5,74,13.3,11.3,11.1,8.9,26,12.79,13.5,1,35,10,101.04,100.91,100.9,100.76,101.04,100.9,100.89,100.75,32200,25887.5,22550,12900,3,2,2.2,1.5,4.4,0,8.6,6.6,3.6,5,5,0,,05:13:00,21:07:00,15.9,5.22,21.12,4,5,18,20,11,11,,,,,,8,7.8,7,6,,,,
2020-05-29,20.8,16.74,16.14,11.5,25,,94,78.7,75,56,16.3,12.9,13.6,10.8,13,8.33,7.5,2,,,101.44,101.24,101.21,100.97,101.43,101.22,101.19,100.95,32200,32200,32200,32200,3.7,2.6,2.6,1.5,1.9,0,11.1,9.1,6.1,0,0,0,,05:14:00,21:06:00,15.87,5.23,21.1,8,8,21,22,14,14,,,,,,8,6.2,4.5,1,,,,
2020-05-28,22.6,17.13,17.05,11.5,25,,95,71.3,74,53,15.1,11.7,11.8,8.4,20,9.29,10.5,1,,,101.83,101.62,101.55,101.27,101.82,101.61,101.54,101.26,32200,31862.5,28150,24100,3.8,2.5,2.5,1.2,0.9,0,12.1,10.1,7,0,0,0,,05:14:00,21:05:00,15.85,5.23,21.08,7,7,21,21,12,13,,,,,,8,5.5,4.5,1,,,,
2020-05-27,19.9,14.47,13.6,7.3,,,91,72.1,70,49,12.9,9.4,9.2,5.6,16,9.96,9.5,3,,,102.3,102.13,102.09,101.87,102.29,102.11,102.08,101.86,32200,30850,28150,24100,3,2,2,1,4.4,0,8.6,6.6,3.6,0,0,0,,05:15:00,21:04:00,15.82,5.25,21.07,8,8,20,20,12,12,,,,,,7,3.8,3.5,0,,,,
2020-05-26,17.1,14.32,14.55,12,,,92,72.5,72,52,11.5,9.3,8.9,6.3,32,16.12,16.5,1,39,29,102.14,102.03,101.99,101.83,102.13,102.02,101.97,101.82,40200,29504.2,28150,16100,2.3,1.8,1.6,1,3.5,0,9.6,7.5,4.5,0.4,0.4,0,,05:16:00,21:03:00,15.78,5.27,21.05,7,8,18,19,9,9,,,,,,8,4.4,4,0,,,,
2020-05-25,17.4,14.27,15,12.6,,,96,85.8,83,70,13,11.9,11.2,9.5,20,14,14,8,,,101.86,101.75,101.78,101.69,101.85,101.74,101.76,101.68,32200,21583.3,18500,4800,2,1.5,1.5,1,3,0,10,8,5,9.2,9.2,0,,05:17:00,21:02:00,15.75,5.28,21.03,2,2,15,18,11,13,,,,,,8,7.5,6.5,5,,,,
2020-05-24,17.4,13.98,14.35,11.3,,,87,75,74,61,11.7,9.6,9.7,7.6,16,9.88,10,4,,,102.33,102.15,102.11,101.89,102.32,102.14,102.1,101.88,32200,29845.8,24150,16100,2.5,1.8,1.8,1,3.6,0,9.3,7.3,4.3,0.8,0.8,0,,05:18:00,21:01:00,15.72,5.3,21.02,6,6,17,17,12,12,,,,,,8,8,8,8,,,,
2020-05-23,17.6,13.03,13.8,10,,,92,76.2,75,58,10.4,8.8,8.5,6.6,17,12.88,11.5,6,,,102.22,102.14,102.11,102,102.21,102.13,102.11,102,32200,27820.8,24150,16100,2.3,1.8,1.7,1.1,4.2,0,8.8,6.8,3.8,2,2,0,,05:19:00,20:59:00,15.67,5.32,20.98,6,8,17,18,12,12,,,,,,8,8,7.5,7,,,,
2020-05-22,16.8,13.29,13.9,11,,,79,69.9,66.5,54,9,7.9,7.8,6.6,28,15.25,14.5,1,39,28,101.96,101.6,101.61,101.27,101.95,101.59,101.61,101.26,32200,31862.5,28150,24100,2.2,1.7,1.7,1.2,4.1,0,8.9,6.9,3.9,0,0,0,,05:20:00,20:58:00,15.63,5.33,20.97,7,8,17,17,11,11,,,,,,8,6.3,5,2,,,,
2020-05-21,15.3,12.86,13.05,10.8,,,81,69.2,69,57,9,7.3,7.7,6.3,34,19.08,21,8,45,28,101.46,101.38,101.38,101.29,101.45,101.37,101.36,101.27,32200,31862.5,28150,24100,2.1,1.9,1.8,1.4,5,0,8.1,6,3,0.2,0.2,0,,05:21:00,20:57:00,15.6,5.35,20.95,7,8,16,16,8,8,,,,,,8,6.5,5.5,3,,,,
2020-05-20,16.9,13.46,13.39,9.9,,,91,80,81.5,72,12,10.1,10.3,8.6,31,16.62,20.5,10,39,28,101.65,101.53,101.51,101.37,101.64,101.52,101.5,101.36,40200,28083.3,29750,19300,2,1.6,1.6,1.3,4.6,0,8.4,6.4,3.4,0,0,0,,05:23:00,20:56:00,15.55,5.38,20.93,6,6,17,18,10,11,,,,,,8,6.6,5.5,3,,,,
2020-05-19,18.3,14.38,14.1,9.9,,,91,78,76,61,12.4,10.5,10.6,8.8,21,14.96,15.5,10,42,20,101.59,101.48,101.41,101.23,101.58,101.47,101.4,101.22,32200,29837.5,28150,24100,2.4,1.7,1.7,1,3.9,0,9.1,7.1,4.1,0,0,0,,05:24:00,20:54:00,15.5,5.4,20.9,6,7,17,17,10,10,,,,,,8,3.7,4,0,,,,
2020-05-18,17.5,13.79,13.05,8.6,,,96,81.2,82.5,69,12.7,10.6,10.2,7.7,21,11.21,11,1,,,101.16,100.9,100.94,100.71,101.15,100.89,100.92,100.7,32200,31187.5,28150,24100,3,1.7,2,1,5,0,8.1,6,3,0,0,0,,05:25:00,20:53:00,15.47,5.42,20.88,7,7,18,19,9,9,,,,,,8,3.5,4,0,,,,
2020-05-17,17.5,13.56,14,10.5,,,96,86.7,82,68,13.7,11.3,11.8,9.8,24,12.96,13.5,3,52,7,100.72,100.62,100.59,100.46,100.71,100.61,100.58,100.45,32200,24687.5,20950,9700,2.4,1.8,1.8,1.2,4,0,9,7,4,5.4,5.4,0,,05:26:00,20:52:00,15.43,5.43,20.87,5,6,18,18,10,10,,,,,,8,6,4,0,,,,
2020-05-16,16.4,13.78,13.85,11.3,,,95,77.1,80.5,66,11.7,9.8,9.6,7.4,21,14.96,14,7,33,7,101.49,100.94,100.99,100.5,101.48,100.93,100.98,100.48,32200,26008.3,24150,16100,2.2,1.7,1.8,1.3,4.2,0,8.8,6.8,3.8,3.4,3.4,0,,05:27:00,20:50:00,15.38,5.45,20.83,1,2,17,17,12,12,,,,,,8,7.8,6,4,,,,
2020-05-15,19,14.05,13.6,8.2,,,90,68.4,67.5,45,9.8,8,8.2,6.6,22,14.96,15,8,33,14,102.06,101.87,101.81,101.56,102.05,101.85,101.8,101.55,40200,32533.3,36200,32200,5,2,3,1,4.4,0,8.6,6.6,3.6,0,0,0,,05:29:00,20:49:00,15.33,5.48,20.82,7,7,18,18,12,12,,,,,,6,2.6,3,0,,,,
2020-05-14,16.8,13.39,13.75,10.7,,,92,77,73,54,10.7,9.3,8.9,7.2,19,11.54,12,5,35,19,101.72,101.48,101.5,101.28,101.71,101.46,101.49,101.28,32200,32200,32200,32200,2.4,1.8,1.7,1,4.2,0,8.8,6.8,3.8,0.6,0.6,0,,05:30:00,20:48:00,15.3,5.5,20.8,4,5,18,18,8,8,,,,,,8,5.4,4,0,,,,
2020-05-13,17.5,13.67,14.4,11.3,,,95,80.8,80.5,66,11.2,10.4,10.1,9,23,13.04,12,1,,,101.25,101.01,100.96,100.66,101.24,101,100.94,100.65,32200,30175,28150,24100,2.3,1.9,1.7,1.1,3.6,0,9.4,7.4,4.4,1.2,1.2,0,,05:31:00,20:46:00,15.25,5.52,20.77,5,5,16,16,10,10,,,,,,8,6.7,4.5,1,,,,
2020-05-12,18.9,13.93,15.05,11.2,,,96,84.6,80,64,12.7,11.2,11.6,10.5,23,11.29,13.5,4,32,11,100.67,100.52,100.52,100.38,100.66,100.5,100.51,100.36,32200,21520.8,18500,4800,2.6,2.1,2.1,1.6,3,0,10.1,8.1,5,15.4,15.4,0,,05:33:00,20:45:00,15.2,5.55,20.75,4,6,17,18,11,12,,,,,,8,7.6,7.5,7,,,,
2020-05-11,22.5,17.09,16.8,11.1,,,90,64.2,67.5,45,12.7,10,9.8,6.9,25,10.75,13,1,32,11,100.72,100.56,100.49,100.26,100.7,100.54,100.47,100.24,48300,32191.7,36200,24100,3.4,2.4,2.5,1.6,1.2,0,11.8,9.8,6.8,0.4,0.4,0,,05:34:00,20:43:00,15.15,5.57,20.72,6,7,25,25,13,13,,,,,,8,7,6,4,,,,
2020-05-10,22.7,16.42,16.2,9.7,,,91,69.6,71.5,52,13.4,10.7,9.8,6.2,21,10.96,11,1,,,101.34,101.08,101.01,100.68,101.33,101.07,101,100.67,48300,42933.3,40250,32200,2.9,2.2,2.1,1.3,1.8,0,11.2,9.2,6.2,0,0,0,,05:36:00,20:42:00,15.1,5.6,20.7,8,8,23,23,14,14,,,,,,8,4.3,4,0,,,,
2020-05-09,22,15.47,14.8,7.6,,,92,70.5,71,50,12.8,10,9.2,5.7,22,12.33,11.5,1,,,101.87,101.64,101.59,101.31,101.85,101.62,101.58,101.3,48300,40245.8,40250,32200,3.3,2.2,2.4,1.4,3.2,0,9.8,7.8,4.8,0,0,0,,05:37:00,20:41:00,15.07,5.62,20.68,8,8,22,22,12,12,,,,,,8,3.3,4,0,,,,
2020-05-08,20.7,14.15,13.2,5.7,,,85,68,62,39,10.8,8,7.3,3.9,23,14,12,1,32,30,102.42,102.16,102.1,101.78,102.41,102.14,102.08,101.75,48300,43604.2,40250,32200,3.2,2.3,2.4,1.5,4.8,0,8.2,6.2,3.2,0,0,0,,05:39:00,20:39:00,15,5.65,20.65,8,8,22,22,11,11,,,,,,2,1.2,1,0,,,,
2020-05-07,15.4,11.68,10.15,4.9,,,87,73.8,73,59,9.9,7.1,6.8,3.8,28,16.08,14.5,1,37,30,103.29,102.94,102.87,102.44,103.28,102.92,102.85,102.42,32200,32200,32200,32200,2.6,2,1.8,1,7.8,0,5.2,3.1,0.2,0,0,0,,05:40:00,20:38:00,14.97,5.67,20.63,8,8,16,16,10,10,,,,,,3,1.2,1.5,0,,,,
2020-05-06,17,12.48,13.1,9.2,,,84,69.4,69,54,8.5,7,7,5.6,32,21.88,20,8,46,30,103.1,102.48,102.33,101.57,103.1,102.47,102.33,101.57,32200,30175,28150,24100,2.7,2.3,2.2,1.7,4.9,0,8.1,6.1,3.1,1.8,1.8,0,,05:42:00,20:36:00,14.9,5.7,20.6,6,7,15,15,5,7,,,,,,8,4.6,4,0,,,,
2020-05-05,15.5,12.56,11.4,7.3,,,93,77.6,76,59,11,8.7,8.4,5.8,26,11.79,13.5,1,33,29,102.31,101.95,101.88,101.46,102.31,101.94,101.88,101.45,32200,29162.5,28150,24100,3.2,2.3,2.4,1.6,6.6,0,6.4,4.4,1.4,1.2,1.2,0,,05:44:00,20:35:00,14.85,5.73,20.58,6,6,18,19,10,10,,,,,,8,4.4,5,2,,,,
2020-05-04,15.2,9.82,9.6,4,,,92,78.5,73.5,55,8.4,6.2,5.8,3.2,17,11.62,10.5,4,32,23,102.53,102.24,102.23,101.93,102.52,102.23,102.22,101.91,32200,29770.8,27350,22500,2.8,2.1,2,1.1,8.4,0,4.6,2.6,0,0.6,0.6,0,,05:45:00,20:33:00,14.8,5.75,20.55,5,6,16,16,10,10,,,,,,8,5.9,4,0,,,,
2020-05-03,13.8,9.9,10.19,6.6,,,87,73.2,73,59,7,5.3,5.6,4.2,22,13.54,12.5,3,46,19,102.53,102.22,102.03,101.54,102.52,102.21,102.02,101.53,32200,31862.5,28150,24100,2.5,2.2,1.9,1.3,7.8,0,5.2,3.2,0.2,0.2,0.2,0,,05:47:00,20:32:00,14.75,5.78,20.53,2,5,13,13,4,7,,,,,,8,5.6,5,2,,,,
2020-05-02,14.9,11.6,12.05,9.2,,,90,77.7,70,50,11.2,7.7,7.3,3.5,34,16.79,20.5,7,48,8,101.47,101.02,101.06,100.64,101.45,101.01,101.05,100.65,32200,26150,24150,16100,3,2.1,2.4,1.8,6,0,7,5,2,6.8,6.8,0,,05:48:00,20:30:00,14.7,5.8,20.5,1,2,15,15,8,8,,,,,,8,7.4,5,2,,,,
2020-05-01,15.3,12.27,12.25,9.2,,,89,70.1,67,45,8.6,6.8,5.8,3,18,12.04,10,2,39,20,101.93,101.71,101.67,101.4,101.92,101.7,101.65,101.39,32200,31862.5,28150,24100,3,2.1,2,1,5.8,0,7.2,5.2,2.2,1.4,1.4,0,,05:50:00,20:29:00,14.65,5.83,20.48,6,8,16,16,11,11,,,,,,8,7.6,6,4,,,,
2020-04-30,16.1,12,12.25,8.4,,,81,67.5,67,53,7.1,6.1,6,5,25,12.54,13,1,41,18,101.94,101.71,101.64,101.35,101.94,101.7,101.64,101.33,32200,32200,32200,32200,2.7,2.3,2.1,1.6,5.8,0,7.2,5.2,2.2,0,0,0,,05:52:00,20:27:00,14.58,5.87,20.45,5,6,15,15,8,8,,,,,,8,6.3,5.5,3,,,,
2020-04-29,14.9,10.61,10.1,5.3,,,94,83.2,81,68,11.1,7.8,7.7,4.2,31,11.83,16.5,2,42,18,102.19,101.37,101.58,100.97,102.17,101.36,101.56,100.96,32200,29166.7,24150,16100,3.1,2.2,2.4,1.6,7.9,0,5.1,3.1,0.1,3.2,3.2,0,,05:54:00,20:26:00,14.53,5.9,20.43,3,4,13,13,7,7,,,,,,8,7.2,6,4,,,,
2020-04-28,14.2,10.1,10.14,6.1,,,85,71.8,70.5,56,7.8,5.1,5.3,2.8,16,9.54,9,2,,,102.56,102.41,102.41,102.26,102.54,102.4,102.39,102.25,32200,27812.5,28150,24100,2.6,2.1,1.8,1.1,7.9,0,5.1,3.1,0.1,0.4,0.4,0,,05:55:00,20:24:00,14.48,5.92,20.4,2,6,13,13,9,9,,,,,,8,6.3,5.5,3,,,,
2020-04-27,15.7,11.44,12.2,8.7,,,91,73.7,69,47,8.5,6.6,5.8,3,30,15.21,17,4,39,12,102.27,101.54,101.62,100.97,102.26,101.53,101.62,100.97,48300,29166.7,30600,12900,2.6,2.2,2.2,1.8,5.8,0,7.2,5.2,2.2,1.4,1.4,0,,05:57:00,20:23:00,14.43,5.95,20.38,5,6,14,14,6,6,,,,,,8,5,5,2,,,,
2020-04-26,14.9,10.64,10,5.1,,,88,73,71,54,8.4,5.8,5.8,3.3,28,14.75,18.5,9,39,10,101.98,101.64,101.52,101.05,101.97,101.63,101.51,101.05,32200,29716.7,22550,12900,2.7,2.1,2,1.2,8,0,5,3,0,2,2,0,,05:59:00,20:21:00,14.37,5.98,20.35,5,5,14,14,9,9,,,,,,8,6.6,4.5,1,,,,
2020-04-25,16.8,12.23,13.5,10.2,,,94,76,72.5,51,10.8,8,8.2,5.5,37,21.54,20,3,52,15,101.85,101.49,101.49,101.12,101.84,101.48,101.47,101.11,32200,29579.2,22550,12900,2.7,1.9,2,1.2,4.5,0,8.5,6.5,3.5,3.6,3.6,0,,06:01:00,20:20:00,14.32,6.02,20.33,5,6,15,17,7,7,,,,,,8,6.4,4.5,1,,,,
2020-04-24,13.8,11.21,10.7,7.6,,,89,79.4,78.5,68,9.3,7.8,7.6,5.9,17,11.08,10.5,4,,,102.38,102.2,102.12,101.86,102.37,102.19,102.11,101.85,32200,31862.5,28150,24100,2.4,1.9,1.7,1,7.3,0,5.7,3.7,0.7,0.6,0.6,0,,06:03:00,20:18:00,14.25,6.05,20.3,5,6,15,15,10,10,,,,,,8,6.8,4.5,1,,,,
2020-04-23,15.4,11.28,11.05,6.7,,,97,82,79.5,62,9.9,8.2,8.3,6.7,19,10.46,10.5,2,32,20,102.42,102.27,102.18,101.95,102.41,102.26,102.18,101.94,32200,32200,32200,32200,2.3,1.8,1.6,1,7,0,6,4,1.1,0,0,0,,06:05:00,20:17:00,14.2,6.08,20.28,5,5,15,16,9,9,,,,,,8,6.2,4.5,1,,,,
2020-04-22,11.9,10.03,9.8,7.7,,,95,90.7,87.5,80,9.7,8.6,8.2,6.7,16,10.38,10.5,5,,,102.42,101.97,102.07,101.72,102.41,101.95,102.06,101.71,32200,22050,18500,4800,2,1.7,1.6,1.2,8.2,0,4.8,2.8,0,8.4,8.4,0,,06:06:00,20:15:00,14.15,6.1,20.25,2,2,12,13,8,8,,,,,,8,7.4,5,2,,,,
2020-04-21,13.8,11.18,10.7,7.6,,,90,73.1,74.5,59,8.4,6.4,6.8,5.1,23,15.08,16,9,35,13,102.47,102.32,102.21,101.95,102.46,102.31,102.2,101.94,32200,28150,28150,24100,2.4,2.1,1.8,1.3,7.3,0,5.7,3.7,0.7,0,0,0,,06:08:00,20:14:00,14.1,6.13,20.23,5,5,15,15,9,10,,,,,,8,6.4,4.5,1,,,,
2020-04-20,15.4,11.7,10.7,6,,,88,78.3,76,64,10.3,8,8.2,6,16,6.79,8.5,1,,,102.01,101.89,101.9,101.79,102,101.88,101.88,101.77,32200,30850,28150,24100,3,2.3,2.2,1.4,7.3,0,5.7,3.7,0.7,0,0,0,,06:10:00,20:12:00,14.03,6.17,20.2,6,6,16,17,8,8,,,,,,8,5,4,0,,,,
2020-04-19,16.4,12,12.8,9.2,,,86,75,74.5,63,8.6,7.7,7.5,6.5,21,13.38,10.5,0,,,101.99,101.83,101.81,101.64,101.98,101.82,101.81,101.63,48300,36212.5,40250,32200,2.4,2,2,1.6,5.2,0,7.8,5.8,2.8,0,0,0,,06:12:00,20:11:00,13.98,6.2,20.18,6,6,16,17,7,8,,,,,,8,5.2,4,0,,,,
2020-04-18,16.2,12.37,12.95,9.7,,,92,76.5,77,62,10.4,8.3,8.6,6.7,22,12.29,12.5,3,35,20,101.61,101.34,101.34,101.07,101.6,101.33,101.33,101.06,48300,39575,40250,32200,3.1,2.4,2.2,1.4,5,0,8,6,3,0.8,0.8,0,,06:14:00,20:09:00,13.92,6.23,20.15,5,5,16,16,9,9,,,,,,8,4.9,4.5,1,,,,
2020-04-17,15.5,11.01,10.85,6.2,,,86,64.8,70,54,8,4.6,4,0,16,7.79,8.5,1,,,101.85,101.42,101.44,101.04,101.84,101.41,101.43,101.02,32200,31862.5,28150,24100,3.2,2.6,2.6,2,7.2,0,5.8,3.8,0.8,0,0,0,,06:16:00,20:08:00,13.87,6.27,20.13,3,3,15,15,9,9,,,,,,8,5.6,4,0,,,,
2020-04-16,17.3,11.61,10.1,2.9,,,72,55.1,52.5,33,8,2.6,3.6,-0.8,14,6.88,7,0,,,102.6,102.34,102.23,101.86,102.58,102.33,102.22,101.85,48300,34212.5,40250,32200,3,2.5,2.5,1.9,7.9,0,5.1,3.1,0.1,0,0,0,,06:18:00,20:06:00,13.8,6.3,20.1,5,5,16,16,6,6,,,,,,2,0.8,1,0,,,,
2020-04-15,15.6,10.57,9.8,4,,,86,74,72,58,10.1,6.1,5.9,1.7,18,8.54,10,2,,,102.67,102.49,102.49,102.32,102.66,102.47,102.49,102.31,32200,30175,28150,24100,3,2.4,2.5,2,8.2,0,4.8,2.8,0,0,0,0,,06:20:00,20:05:00,13.75,6.33,20.08,5,5,15,15,7,7,,,,,,4,1.9,2,0,,,,
2020-04-14,14.6,10.38,9.35,4.1,,,67,58.2,57,47,6.1,2.5,2.3,-1.5,16,8.17,8.5,1,32,22,102.73,102.52,102.46,102.19,102.72,102.5,102.45,102.18,32200,28825,28150,24100,3.1,2.7,2.5,1.8,8.7,0,4.3,2.4,0,0,0,0,,06:22:00,20:03:00,13.68,6.37,20.05,5,5,13,13,5,7,,,,,,7,4.4,4.5,2,,,,
2020-04-13,14.6,8.81,7.6,0.6,,,72,52,49.5,27,3.7,-0.8,-0.9,-5.5,15,8.42,9,3,,,103.1,102.87,102.88,102.67,103.08,102.86,102.87,102.65,32200,30850,28150,24100,3.1,2.6,2.5,2,10.4,0,2.6,0.6,0,0,0,0,,06:24:00,20:02:00,13.63,6.4,20.03,5,5,14,14,5,5,,,,,,8,4,4.5,1,,,,
2020-04-12,14,8.11,7.2,0.4,,,73,53,53,33,4.2,-1.2,-1.2,-6.5,21,9.12,11,1,,,102.79,102.61,102.61,102.43,102.78,102.6,102.6,102.41,48300,40250,40250,32200,2.9,2.5,2.5,2.1,10.8,0,2.2,0.2,0,0,0,0,,06:26:00,20:00:00,13.57,6.43,20,5,5,13,13,3,3,,,,,,2,0.8,1,0,,,,
2020-04-11,14.5,10.31,10.1,5.7,,,92,65.4,61,30,7.2,3.5,0.2,-6.9,33,17.54,18,3,45,29,102.37,102.08,101.96,101.55,102.35,102.07,101.95,101.55,48300,38570.8,36200,24100,2.8,2.2,2.2,1.7,7.9,0,5.1,3.1,0.1,0,0,0,,06:28:00,19:59:00,13.52,6.47,19.98,5,5,13,14,3,3,,,,,,8,2.6,4,0,,,,
2020-04-10,14.4,10.15,9.25,4.1,,,89,75.2,77.5,66,8.3,5.9,5.4,2.5,21,8.25,10.5,0,30,28,101.87,101.71,101.69,101.5,101.86,101.7,101.67,101.48,32200,32200,32200,32200,3,2.3,2.1,1.3,8.8,0,4.2,2.2,0,0,0,0,,06:30:00,19:57:00,13.45,6.5,19.95,5,5,14,14,5,5,,,,,,8,2.2,4,0,,,,
2020-04-09,13,9,7.7,2.4,,,93,74.4,73.5,54,7.2,4.6,4.2,1.1,17,7.58,9,1,,,102.33,102.06,102.05,101.76,102.32,102.05,102.03,101.75,32200,32200,32200,32200,3.1,2.5,2.4,1.6,10.3,0,2.7,0.7,0,0,0,0,,06:32:00,19:56:00,13.4,6.53,19.93,5,5,14,14,5,5,,,,,,4,1.8,2,0,,,,
2020-04-08,12.7,7.85,7,1.3,,,91,75,75.5,60,6.7,3.6,2.7,-1.3,20,10.5,10.5,1,,,102.76,102.58,102.55,102.34,102.74,102.57,102.53,102.33,32200,32200,32200,32200,3.2,2.6,2.5,1.9,11,0,2,0,0,0,0,0,,06:34:00,19:54:00,13.33,6.57,19.9,5,5,12,12,4,4,,,,,,6,2.8,3,0,,,,
2020-04-07,11.9,8.68,7.3,2.7,,,87,68.2,68.5,50,4.8,2.9,2.4,-0.1,29,16.96,16,3,39,28,102.6,102.26,102.19,101.79,102.58,102.25,102.17,101.77,48300,33541.7,40250,32200,3.1,2.5,2.4,1.6,10.7,0,2.3,0.3,0,0,0,0,,06:36:00,19:52:00,13.27,6.6,19.87,5,5,11,11,2,2,,,,,,8,3.1,4,0,,,,
2020-04-06,11,6.69,5.8,0.6,,,88,73.8,75.5,63,5.5,2.3,2,-1.4,13,7.25,7,1,,,101.71,101.3,101.23,100.75,101.69,101.29,101.22,100.74,48300,32870.8,40250,32200,2.9,2.2,2.2,1.5,12.2,0,0.8,0,0,0,0,0,,06:38:00,19:51:00,13.22,6.63,19.85,5,5,11,11,2,2,,,,,,8,4.2,4,0,,,,
2020-04-05,10.8,6.91,6.75,2.7,,,79,66.1,65.5,52,3.5,1,0.8,-1.8,26,13.04,13.5,1,32,30,100.69,100.5,100.56,100.42,100.68,100.49,100.55,100.41,48300,40583.3,40250,32200,2.5,2.1,1.9,1.3,11.2,0,1.8,0,0,0,0,0,,06:40:00,19:49:00,13.15,6.67,19.82,2,3,12,12,1,1,,,,,,8,5.2,4,0,,,,
2020-04-04,9.9,5.46,6,2.1,,,92,73.2,69.5,47,2.5,0.8,0.4,-1.8,20,15.04,10.5,1,33,10,101.4,100.94,100.94,100.49,101.39,100.93,100.94,100.48,32200,30175,28150,24100,2.4,1.9,1.8,1.2,12,0,1,0,0,0.8,0.8,0,,06:43:00,19:48:00,13.08,6.72,19.8,3,4,10,11,4,5,,,,,,8,7.4,6,4,,,,
2020-04-03,8.8,5.65,6.05,3.3,,,82,68.2,67,52,2.6,0.2,0.4,-1.9,36,19.58,19.5,3,45,28,101.9,101.62,101.67,101.43,101.89,101.6,101.65,101.42,32200,32200,32200,32200,2.5,2,2,1.4,11.9,0,1.1,0,0,0,0,0,,06:45:00,19:46:00,13.02,6.75,19.77,2,3,9,9,2,2,,,,,,8,5.8,5.5,3,,,,
2020-04-02,9.1,5.42,5.8,2.5,,,84,67.2,69.5,55,3.3,-0.3,-0.4,-4,19,11.96,10.5,2,32,10,102.24,102.1,102.09,101.94,102.23,102.09,102.08,101.93,32200,32200,32200,32200,2.5,2,1.8,1.2,12.2,0,0.8,0,0,0,0,0,,06:47:00,19:45:00,12.97,6.78,19.75,3,3,8,10,2,2,,,,,,8,7.4,6,4,,,,
2020-04-01,8.8,5.28,5.3,1.8,,,94,76,76.5,59,3.4,1.2,-0.2,-3.7,26,11.88,14.5,3,,,102.03,101.91,101.85,101.67,102.02,101.9,101.84,101.66,32200,30512.5,28150,24100,2.5,2,1.8,1,12.7,0,0.3,0,0,1.6,1.6,0,,06:49:00,19:43:00,12.9,6.82,19.72,3,4,8,9,1,2,,,,,,8,6.4,5,2,,,,
2020-03-31,10.5,6,6.15,1.8,,,92,76.9,73.5,55,3.9,2.1,2.1,0.3,22,12.88,13,4,33,20,101.65,101.45,101.42,101.2,101.63,101.44,101.41,101.19,32200,29500,28150,24100,2.5,2.2,2,1.6,11.8,0,1.1,0,0,0,0,0,,06:51:00,19:42:00,12.85,6.85,19.7,4,5,10,11,2,3,,,,,,8,7,6.5,5,,,,
2020-03-30,9.5,7.22,7.05,4.6,,,89,75.5,77,65,6,3.2,3.6,1.3,45,26.42,26.5,8,61,15,101.19,100.59,100.48,99.77,101.18,100.59,100.47,99.76,32200,29370.8,25750,19300,2.5,2.2,2.1,1.7,10.9,0,2,0,0,5,5,0,,06:53:00,19:40:00,12.78,6.88,19.67,2,3,10,10,3,4,,,,,,8,7.2,5.5,3,,,,
2020-03-29,13.4,9.38,10.25,7.1,,,87,71.4,67.5,48,5.4,4.3,3.8,2.1,32,16.12,18,4,37,20,100.96,100.76,100.65,100.35,100.97,100.76,100.67,100.37,48300,36554.2,36200,24100,2.5,2.1,2,1.6,7.8,0,5.2,3.2,0.2,0.4,0.4,0,,06:55:00,19:39:00,12.73,6.92,19.65,4,4,12,12,6,6,,,,,,8,7.4,6.5,5,,,,
2020-03-28,10.2,8.71,8.64,7.1,,,96,89.4,88.5,81,8,7,6.8,5.5,32,19.88,22.5,13,45,15,101.57,101.13,101.18,100.79,101.57,101.14,101.18,100.79,32200,23254.2,20950,9700,2.4,1.9,2,1.5,9.4,0,3.6,1.6,0,4.8,4.8,0,,06:57:00,19:37:00,12.67,6.95,19.62,1,2,10,10,7,7,,,,,,8,8,8,8,,,,
2020-03-27,8.7,7.05,7.19,5.7,,,96,92.8,92,88,7,6,5.8,4.5,17,12.21,13,9,,,101.57,101.52,101.51,101.45,101.58,101.53,101.52,101.46,24100,12912.5,13850,3600,2.7,2.3,2.2,1.8,10.8,0,2.2,0.2,0,5.6,5.6,0,,06:59:00,19:36:00,12.62,6.98,19.6,1,1,9,9,6,7,,,,,,8,8,8,8,,,,
2020-03-26,9,6.5,6.4,3.8,,,88,79.7,76,64,5.4,3.2,3.2,1.1,20,13.42,11,2,28,22,101.63,101.58,101.58,101.54,101.64,101.58,101.6,101.55,32200,25216.7,20950,9700,2.6,2.1,1.9,1.2,11.6,0,1.4,0,0,2,2,0,,07:02:00,19:34:00,12.53,7.03,19.57,3,4,10,10,6,6,,,,,,8,7.7,7,6,,,,
2020-03-25,9.4,5.9,5.9,2.4,,,92,78.2,76,60,4.6,2.2,2.2,-0.1,17,9.54,9.5,2,,,101.76,101.59,101.57,101.37,101.76,101.59,101.57,101.38,32200,31187.5,28150,24100,2.6,1.9,1.9,1.2,12.1,0,0.9,0,0,0,0,0,,07:04:00,19:33:00,12.48,7.07,19.55,4,4,10,10,2,2,,,,,,8,4.1,4,0,,,,
2020-03-24,8.4,5.28,5.45,2.5,,,92,84.2,80.5,69,4.4,2.8,2.6,0.9,22,12.29,12.5,3,,,101.48,101.34,101.35,101.21,101.48,101.34,101.35,101.21,32200,30175,28150,24100,2.5,2,2,1.4,12.6,0,0.4,0,0,0.2,0.2,0,,07:06:00,19:31:00,12.42,7.1,19.52,1,4,10,10,2,2,,,,,,8,6.5,5.5,3,,,,
2020-03-23,10.1,7.03,7.19,4.3,,,91,73.8,74,57,3.9,2.5,2.5,1.2,24,13.71,15,6,35,21,101.18,100.82,100.88,100.57,101.19,100.82,100.89,100.58,32200,26350,20950,9700,2.4,2.2,1.7,1,10.8,0,2.2,0.2,0,1.4,1.4,0,,07:08:00,19:30:00,12.37,7.13,19.5,3,3,9,10,3,3,,,,,,8,7.3,7,6,,,,
2020-03-22,10.7,7,6.65,2.6,,,93,80,80,67,5.7,3.7,3.8,1.9,23,14.71,15.5,8,33,21,102.17,101.57,101.49,100.81,102.18,101.58,101.51,100.84,32200,25329.2,22550,12900,7,2.5,4.3,1.6,11.3,0,1.6,0,0,0,0,0,,07:10:00,19:28:00,12.3,7.17,19.47,3,3,12,12,4,4,,,,,,8,7.4,4.5,1,,,,
2020-03-21,11,6.52,5.6,0.2,,,89,79.6,80,71,6.2,3.2,2.8,-0.5,21,8.12,10.5,0,,,102.56,102.37,102.35,102.14,102.57,102.37,102.35,102.13,32200,32200,32200,32200,3.4,2.7,2.7,2,12.4,0,0.6,0,0,0,0,0,,07:12:00,19:27:00,12.25,7.2,19.45,4,4,11,11,4,6,,,,,,3,1.5,1.5,0,,,,
2020-03-20,10.7,6.68,6.35,2,,,94,76.9,77,60,5.9,2.8,2.3,-1.3,13,8.21,7,1,,,102.69,102.46,102.42,102.14,102.64,102.45,102.39,102.14,40200,32533.3,36200,32200,3.6,2.9,2.7,1.8,11.7,0,1.4,0,0,0,0,0,,07:14:00,19:25:00,12.18,7.23,19.42,4,5,12,12,2,2,,,,,,4,1,2,0,,,,
2020-03-19,11.7,6.58,6.5,1.3,,,92,73.1,72,52,6.4,2,2.5,-1.4,18,8.96,10.5,3,,,102.11,101.68,101.71,101.31,102.11,101.68,101.72,101.32,32200,31525,28150,24100,3.8,2.8,2.8,1.8,11.5,0,1.5,0,0,0,0,0,,07:16:00,19:23:00,12.12,7.27,19.38,5,5,12,12,1,1,,,,,,6,2.9,3,0,,,,
2020-03-18,11.5,5.88,5.05,-1.4,,,92,71.8,64.5,37,4.6,0.7,0.8,-3.1,13,7.33,7,1,,,101.29,101.15,101.14,100.98,101.29,101.16,101.14,100.98,32200,32200,32200,32200,3.3,2.8,2.5,1.8,12.9,0,0,0,0,0,0,0,,07:19:00,19:22:00,12.05,7.32,19.37,5,5,10,10,1,1,,,,,,2,1,1,0,,,,
2020-03-17,9.3,4.64,3.85,-1.6,,-3,89,77.9,78.5,68,4.8,1.1,0.9,-3,27,11.08,14,1,37,30,101.57,101.14,101.2,100.84,101.57,101.15,101.2,100.84,32200,32200,32200,32200,3.5,2.7,2.7,1.9,14.2,0,0,0,0,0,0,0,,07:21:00,19:20:00,11.98,7.35,19.33,4,5,12,13,2,3,,,,,,8,3,4,0,,,,
2020-03-16,9.5,4.1,3.35,-2.8,,-4,84,66,64.5,45,3.5,-1.9,-1.3,-6.1,21,8.79,11.5,2,,,102.55,102.22,102.11,101.67,102.56,102.22,102.11,101.67,40200,33866.7,36200,32200,3.6,2.8,2.8,2,14.7,0,0,0,0,0,0,0,,07:23:00,19:19:00,11.93,7.38,19.32,4,5,10,10,0,0,,,,,,1,0.3,0.5,0,,,,
2020-03-15,6.6,2.37,1.04,-4.5,,-8,77,47.3,53,29,-0.4,-8.2,-8.3,-16.2,38,17.79,21,4,48,30,102.45,102.34,102.31,102.16,102.46,102.35,102.31,102.16,48300,42254.2,40250,32200,3.5,2.5,2.8,2.1,17,0,0,0,0,0,0,0,,07:25:00,19:17:00,11.87,7.42,19.28,4,4,9,9,0,0,,,,,,0,0,0,0,,,,
2020-03-14,6.2,2.52,2.75,-0.7,,-4,33,27.2,27.5,22,-12.1,-14.7,-14.2,-16.4,29,18.96,19.5,10,45,10,102.39,101.67,101.64,100.89,102.4,101.67,101.64,100.89,48300,39900,40250,32200,2.5,2.2,1.8,1,15.2,0,0,0,0,0,0,0,,07:27:00,19:16:00,11.82,7.45,19.27,4,5,6,6,-3,-2,,,,,,8,2.9,4,0,,,,
2020-03-13,8.7,5.09,4.94,1.2,,,81,48.2,55.5,30,-0.8,-5.9,-6.5,-12.3,28,14.54,16.5,5,42,7,101.95,101.13,101.32,100.7,101.95,101.13,101.32,100.7,32200,31525,28150,24100,3,2.3,2.3,1.6,13.1,0,0,0,0,0,0,0,,07:29:00,19:14:00,11.75,7.48,19.23,2,2,8,8,0,1,,,,,,8,7.8,7.5,7,,,,
2020-03-12,8.5,5.8,4.7,0.9,,,79,68.6,63,47,2.2,0.4,-0.2,-2.5,38,19.38,21,4,58,29,102.77,102.54,102.4,102.04,102.78,102.55,102.42,102.05,32200,32200,32200,32200,3,2.3,2.1,1.2,13.3,0,0,0,0,0,0,0,,07:31:00,19:13:00,11.7,7.52,19.22,3,4,8,8,2,2,,,,,,8,4.1,4,0,,,,
2020-03-11,9.3,6.81,6.75,4.2,,,94,73.9,75.5,57,4.9,2.4,2.6,0.4,51,36.33,27.5,4,65,28,102.54,102.1,102.07,101.6,102.56,102.1,102.08,101.61,32200,30850,28150,24100,2.7,2.2,2.1,1.5,11.2,0,1.8,0,0,0,0,0,,07:33:00,19:11:00,11.63,7.55,19.18,4,4,9,9,1,1,,,,,,8,2.8,4,0,,,,
2020-03-10,6.6,4.96,4.9,3.2,,,92,77.7,77,62,4.2,1.3,1,-2.3,24,17.79,18.5,13,33,7,102.46,102.07,102.04,101.62,102.47,102.08,102.05,101.63,32200,29162.5,28150,24100,2.8,2.1,2.2,1.7,13.1,0,0,0,0,2,2,0,,07:36:00,19:09:00,11.55,7.6,19.15,1,1,5,6,3,3,,,,,,8,7.5,6.5,5,,,,
2020-03-09,6.6,2.89,1.74,-3.1,,-4,91,73.7,76.5,62,0.3,-1.5,-1.4,-3,14,6.83,7,0,,,102.6,102.45,102.39,102.18,102.61,102.46,102.4,102.19,32200,32200,32200,32200,3,2.1,2.1,1.3,16.3,0,0,0,0,0,0,0,,07:38:00,19:08:00,11.5,7.63,19.13,3,3,7,7,1,1,,,,,,7,2.3,3.5,0,,,,
2020-03-08,6.7,2.99,2.8,-1.1,,-3,94,81.6,79.5,65,1.8,0,0,-1.9,18,9.65,11,4,28,29,102.16,101.93,101.88,101.6,102.17,101.93,101.88,101.6,48300,42347.8,40250,32200,3,2.1,2.2,1.5,15.2,0,0,0,0,0,0,0,,07:40:00,19:06:00,11.43,7.67,19.1,3,3,7,7,-1,-1,,,,,,6,2.5,3,0,,,,
2020-03-07,7.4,3.68,3.5,-0.4,,,91,79.7,79.5,68,3.1,0.4,0.5,-2.1,16,9.83,8.5,1,,,101.56,101.13,101.22,100.89,101.57,101.13,101.24,100.9,40200,34200,36200,32200,2.5,2,1.9,1.3,14.5,0,0,0,0,0,0,0,,06:42:00,18:05:00,11.38,6.7,18.08,1,2,6,7,2,3,,,,,,8,6.4,5,2,,,,
2020-03-06,8.1,4.62,4.84,1.6,,,84,69.3,65,46,1.9,-0.9,-0.5,-2.9,18,8.5,10.5,3,,,101.63,101.42,101.33,101.03,101.63,101.43,101.33,101.03,32200,31862.5,28150,24100,3,2.3,2.4,1.7,13.2,0,0,0,0,0,0,0,,06:44:00,18:03:00,11.32,6.73,18.05,3,3,8,8,1,3,,,,,,7,2.9,4,1,,,,
2020-03-05,8.4,6.4,6.75,5.1,,,92,77.5,76,60,5.9,2.7,2.6,-0.6,27,14,15.5,4,33,10,101.76,101.41,101.51,101.26,101.77,101.42,101.52,101.28,32200,28245.8,20950,9700,2.6,2.2,2.2,1.8,11.2,0,1.8,0,0,2.4,2.4,0,,06:46:00,18:02:00,11.27,6.77,18.03,1,1,7,7,1,2,,,,,,8,7.9,7.5,7,,,,
2020-03-04,10.2,6.85,7.15,4.1,,,85,63.2,60.5,36,2.5,0,-1.1,-4.7,30,17.12,19,8,48,23,102.53,102.15,102.06,101.6,102.54,102.15,102.08,101.61,32200,32200,32200,32200,2.8,2.4,2.2,1.7,10.8,0,2.1,0.2,0,0,0,0,,06:48:00,18:00:00,11.2,6.8,18,3,3,9,9,4,5,,,,,,8,4.7,5,2,,,,
2020-03-03,8.4,6.79,5.3,2.2,,,97,87.1,84,71,6.2,4.7,4,1.9,36,17.58,19.5,3,48,16,102.11,101.75,101.67,101.24,102.12,101.76,101.69,101.25,32200,26829.2,22550,12900,4,1.9,2.6,1.2,12.7,0,0.3,0,0,1.4,1.4,0,,06:50:00,17:58:00,11.13,6.83,17.97,2,2,8,8,4,4,,,,,,8,7.2,6,4,,,,
2020-03-02,6,4.88,4.75,3.5,,,96,93.6,93,90,4.8,3.9,3.6,2.4,24,14.71,13,2,32,6,102.56,102.17,102.17,101.78,102.57,102.18,102.18,101.79,32200,14204.2,17700,3200,2.4,2,2,1.5,13.2,0,0,0,0,14.8,14.8,0,,06:52:00,17:57:00,11.08,6.87,17.95,1,1,7,7,5,6,,,,,,8,7.9,7,6,,,,
2020-03-01,7,3.9,3.3,-0.4,,,91,84.2,81.5,72,3.3,1.5,1.5,-0.3,16,8.04,8.5,1,32,28,102.89,102.73,102.65,102.42,102.89,102.73,102.65,102.42,48300,35066.7,30600,12900,2.4,1.8,1.7,1,14.7,0,0,0,0,0.8,0.8,0,,06:54:00,17:55:00,11.02,6.9,17.92,2,2,6,8,3,3,,,,,,8,6.8,4.5,1,,,,
2020-02-29,8.6,5.92,6.44,4.3,,,91,80.1,77.5,64,3.6,2.6,2.3,1,39,24.75,24.5,10,48,28,102.33,101.6,101.56,100.79,102.33,101.61,101.57,100.8,48300,36225,40250,32200,3,2.1,2.1,1.3,11.6,0,1.4,0,0,1.2,1.2,0,,06:56:00,17:54:00,10.97,6.93,17.9,2,3,8,8,0,1,,,,,,8,4.4,4,0,,,,
2020-02-28,7.9,6.02,6.4,4.9,,,94,88.8,87.5,81,5.4,4.3,4.2,2.9,29,16.29,19.5,10,46,18,102.33,101.41,101.56,100.79,102.34,101.42,101.56,100.79,32200,27966.7,22550,12900,2.5,1.8,1.8,1.1,11.6,0,1.4,0,0,4,4,0,,06:58:00,17:52:00,10.9,6.97,17.87,1,1,8,9,4,4,,,,,,8,7.8,7.5,7,,,,
2020-02-27,9.4,7.24,7.7,6,,,96,88.8,86.5,77,6,5.5,5.3,4.6,18,13.33,14,10,,,103.22,102.91,102.82,102.41,103.23,102.91,102.82,102.41,40200,26220.8,26550,12900,2.4,1.8,1.8,1.1,10.3,0,2.7,0.7,0,4.4,4.4,0,,07:00:00,17:50:00,10.83,7,17.83,2,2,11,11,3,3,,,,,,8,7.8,7.5,7,,,,
2020-02-26,9.2,6.35,6.3,3.4,,,96,87.2,84.5,73,5.6,4.3,4.5,3.3,15,8.33,9,3,,,103.39,103.24,103.25,103.11,103.39,103.24,103.26,103.12,32200,24791.7,22550,12900,2.8,2.1,2,1.3,11.7,0,1.3,0,0,1.8,1.8,0,,07:02:00,17:49:00,10.78,7.03,17.82,1,2,9,9,5,6,,,,,,8,7.8,6.5,5,,,,
2020-02-25,7,4.84,5.15,3.3,,,92,77.8,78,64,3.5,1.3,1.6,-0.2,17,10.58,10.5,4,,,103.69,103.39,103.41,103.13,103.69,103.4,103.42,103.14,32200,26337.5,25750,19300,2.7,2.1,2,1.2,12.8,0,0.2,0,0,1,1,0,,07:04:00,17:47:00,10.72,7.07,17.78,1,1,8,8,4,4,,,,,,8,7.8,7.5,7,,,,
2020-02-24,7.7,5.27,5.9,4.1,,,87,70.6,72,57,2.4,0.3,0.4,-1.7,39,22.54,23.5,8,54,27,103.71,103.35,103.12,102.53,103.72,103.35,103.12,102.53,32200,31525,28150,24100,2.8,2.3,2.1,1.5,12.1,0,0.9,0,0,1.2,1.2,0,,07:06:00,17:46:00,10.67,7.1,17.77,3,3,7,8,3,3,,,,,,8,7.3,6.5,5,,,,
2020-02-23,8.8,6.15,6.45,4.1,,,94,83.6,85,76,4.7,3.6,3.5,2.2,36,23.04,20,4,54,27,102.41,101.24,101.44,100.47,102.41,101.25,101.44,100.46,40200,32116.7,29750,19300,2.4,2,1.8,1.3,11.6,0,1.4,0,0,9.8,9.8,0,,07:08:00,17:44:00,10.6,7.13,17.73,1,1,8,8,3,3,,,,,,8,7.2,5,2,,,,
2020-02-22,8.1,5.72,6.15,4.2,,,95,87,85,75,4.6,3.7,3.8,2.9,18,11.83,10.5,3,,,102.15,101.93,101.92,101.68,102.15,101.93,101.92,101.69,48300,30179.2,25750,3200,3,2,2.1,1.3,11.8,0,1.1,0,0,8.2,8.2,0,,07:10:00,17:42:00,10.53,7.17,17.7,1,2,8,8,3,4,,,,,,8,7.5,6.5,5,,,,
2020-02-21,11,5.31,4.65,-1.7,,-3,86,71.8,68,50,4.2,0.4,0.7,-2.8,16,11.54,11,6,,,102.38,102.13,102.13,101.88,102.38,102.14,102.13,101.89,32200,32200,32200,32200,2.9,2.5,2.4,1.8,13.3,0,0,0,0,0,0,0,,07:11:00,17:41:00,10.5,7.18,17.68,2,2,9,9,4,4,,,,,,8,6.2,4,0,,,,
2020-02-20,8.2,2.79,2.54,-3.1,,-5,94,82.2,82,70,3.7,0,-0.2,-4,17,7.33,8.5,0,,,102.56,102.45,102.45,102.34,102.57,102.45,102.45,102.34,32200,32200,32200,32200,3.3,2.5,2.5,1.7,15.5,0,0,0,0,0,0,0,,07:13:00,17:39:00,10.43,7.22,17.65,2,2,7,7,-1,-1,,,,,,2,0.7,1,0,,,,
2020-02-19,6.7,2.08,2,-2.7,,-5,92,79.5,76.5,61,0.8,-1.2,-1.6,-3.9,14,6.92,7.5,1,,,102.89,102.66,102.63,102.38,102.9,102.66,102.64,102.38,32200,32200,32200,32200,3.3,2.3,2.4,1.5,16,0,0,0,0,0,0,0,,07:15:00,17:37:00,10.37,7.25,17.62,2,2,8,8,-3,-2,,,,,,1,0.6,0.5,0,,,,
2020-02-18,6.6,2.58,2.19,-2.2,,-4,94,81.1,79.5,65,1.6,-0.4,-0.5,-2.6,23,9.42,12,1,,,103.15,102.99,102.99,102.83,103.12,102.99,102.98,102.84,32200,31862.5,28150,24100,2.6,2,1.9,1.2,15.8,0,0,0,0,0,0,0,,07:17:00,17:36:00,10.32,7.28,17.6,1,2,7,8,-3,-2,,,,,,4,1.7,2,0,,,,
2020-02-17,7.3,3.31,3.25,-0.8,,-2,92,82.4,80.5,69,2.6,0.5,0.7,-1.2,36,10.5,19,2,46,27,103.06,102.83,102.74,102.42,103.07,102.83,102.75,102.43,32200,32200,32200,32200,2.8,1.9,2.1,1.4,14.8,0,0,0,0,0,0,0,,07:19:00,17:34:00,10.25,7.32,17.57,1,2,6,7,1,1,,,,,,8,4,4.5,1,,,,
2020-02-16,8.4,5.27,5.7,3,,,89,80.8,76,63,3.4,2.2,1.9,0.4,40,19.96,22,4,52,28,102.36,101.98,101.97,101.59,102.36,101.99,101.98,101.6,48300,37566.7,40250,32200,2.4,2,2,1.6,12.3,0,0.7,0,0,0,0,0,,07:21:00,17:32:00,10.18,7.35,17.53,1,1,5,6,0,2,,,,,,8,4.5,4,0,,,,
2020-02-15,7.1,5.5,5.05,3,,,97,92.6,90,83,5.8,4.4,4.3,2.8,32,15.25,16.5,1,33,26,101.94,101.57,101.64,101.33,101.95,101.58,101.64,101.33,32200,21758.3,17900,3600,2.5,1.9,2,1.5,12.9,0,0,0,0,9.2,9.2,0,,07:22:00,17:31:00,10.15,7.37,17.52,,,7,7,2,4,,,,,,8,7.3,5,2,,,,
2020-02-14,8.3,5.97,5.05,1.8,,,91,81.2,77,63,4.3,3,2.4,0.5,29,14.54,16,3,37,22,102,101.74,101.6,101.2,102.01,101.74,101.61,101.2,32200,32200,32200,32200,2.5,2.1,2,1.4,12.9,0,0,0,0,1.4,1.4,0,,07:24:00,17:29:00,10.08,7.4,17.48,1,1,9,9,4,5,,,,,,8,5.9,4.5,1,,,,
2020-02-13,9.1,5.97,6.8,4.5,,,95,85.7,83,71,5.7,3.7,4.1,2.5,27,13.67,15.5,4,39,24,101.85,101.29,101.43,101.01,101.85,101.3,101.43,101.02,32200,28054.2,17500,2800,2.6,1.7,1.8,1,11.2,0,1.8,0,0,1.4,1.4,0,,07:26:00,17:27:00,10.02,7.43,17.45,1,1,7,8,2,2,,,,,,8,7.8,6.5,5,,,,
2020-02-12,7.7,6.22,6.35,5,,,95,88.2,87,79,5.3,4.4,4.5,3.6,10,5.29,5.5,1,,,102.74,102.48,102.36,101.97,102.74,102.48,102.36,101.97,32200,29508.3,24150,16100,2.6,1.6,1.8,1,11.7,0,1.4,0,0,0.8,0.8,0,,07:28:00,17:26:00,9.97,7.47,17.43,1,1,8,8,3,4,,,,,,8,7.9,7.5,7,,,,
2020-02-11,9.8,6.4,5.9,2,,,95,83.9,84,73,5.8,3.8,3.5,1.2,18,11.54,10,2,37,17,102.93,102.44,102.61,102.28,102.93,102.45,102.61,102.28,32200,30175,28150,24100,3,1.9,2,1,12.1,0,0.9,0,0,0,0,0,,07:29:00,17:24:00,9.92,7.48,17.4,1,1,7,7,4,4,,,,,,8,7.5,7,6,,,,
2020-02-10,7.2,3.94,3.7,0.2,,,92,81,79,66,2.5,0.9,0.9,-0.7,13,6.08,7,1,,,103.32,103.17,103.14,102.97,103.32,103.17,103.14,102.97,32200,32200,32200,32200,2.8,2.1,2.1,1.4,14.3,0,0,0,0,0,0,0,,07:31:00,17:22:00,9.85,7.52,17.37,2,2,6,7,1,2,,,,,,8,6.5,5.5,3,,,,
2020-02-09,5.6,2.76,1.94,-1.7,,-3,92,82.2,81.5,71,1.3,0,-0.8,-2.8,12,6.58,7,2,,,103.35,103.23,103.22,103.08,103.36,103.23,103.22,103.09,48300,38237.5,40250,32200,3,1.9,2.1,1.2,16.1,0,0,0,0,0,0,0,,07:33:00,17:21:00,9.8,7.55,17.35,1,2,6,7,0,0,,,,,,8,6.3,4,0,,,,
2020-02-08,8,5.05,5.2,2.4,,,95,87.1,87,79,4.7,3,2.1,-0.5,32,12.5,17,2,50,29,103.17,101.9,101.75,100.34,103.17,101.91,101.75,100.34,32200,31395.8,22550,12900,2.6,2,2,1.4,12.8,0,0.2,0,0,0.2,0.2,0,,07:34:00,17:19:00,9.75,7.57,17.32,1,2,8,8,-1,0,,,,,,8,3.3,4,0,,,,
2020-02-07,8.1,5.3,5.65,3.2,,,96,91.4,88,80,6.6,4,4.6,2.6,28,15.96,15,2,41,19,101.78,101.08,100.99,100.2,101.78,101.09,100.99,100.21,32200,24745.8,17300,2400,2.5,1.8,1.8,1,12.3,0,0.6,0,0,3.6,3.6,0,,07:36:00,17:17:00,9.68,7.6,17.28,,,8,8,4,4,,,,,,8,7.7,5.5,3,,,,
2020-02-06,5.3,4.25,4.34,3.4,,,96,93.9,94,92,4.1,3.3,3.4,2.7,18,7.5,10,2,,,101.85,101.71,101.7,101.55,101.86,101.72,101.71,101.55,32200,26554.2,24150,16100,2.3,1.7,1.6,1,13.7,0,0,0,0,8.6,8.6,0,,07:37:00,17:16:00,9.65,7.62,17.27,,,5,6,3,4,,,,,,8,8,7.5,7,,,,
2020-02-05,4.8,3.17,2.7,0.6,,,97,96.6,96,95,4.3,2.7,2.2,0.2,14,9.25,8.5,3,,,101.89,101.74,101.78,101.67,101.9,101.75,101.79,101.68,32200,10912.5,16900,1600,2.5,1.7,1.8,1.1,15.3,0,0,0,0,14,14,0,2,07:39:00,17:14:00,9.58,7.65,17.23,,,4,5,3,3,,,,,,8,8,8,8,,,,
2020-02-04,1.5,0.85,0.5,-0.5,,,97,92.5,88.5,80,0.6,-0.3,-0.6,-1.9,20,15.75,14.5,9,,,103.12,102.68,102.57,102.01,103.13,102.67,102.54,101.96,24100,8345.8,12350,600,2.4,1.9,1.8,1.1,17.5,0,0,0,0,13,2.2,10.8,3,07:40:00,17:12:00,9.53,7.67,17.2,,,1,1,1,1,,,,,,8,7.8,7,6,,,,
2020-02-03,4.6,1.75,2.19,-0.2,,,92,84.3,81.5,71,0.9,-0.6,-0.8,-2.4,29,10.71,16,3,42,30,103.1,102.71,102.65,102.2,103.1,102.72,102.65,102.21,32200,29162.5,28150,24100,2.7,2.1,2,1.3,15.8,0,0,0,0,0,0,0,,07:42:00,17:11:00,9.48,7.7,17.18,1,1,5,5,-2,-2,,,,,,8,5.1,4.5,1,,,,
2020-02-02,6.1,2.3,2.4,-1.3,,-5,96,85.5,84.5,73,1.6,0.1,-0.4,-2.3,22,13.79,13.5,5,33,14,102.32,102.22,102.2,102.09,102.33,102.23,102.22,102.1,48300,30845.8,32200,16100,2.5,2,1.8,1.1,15.6,0,0,0,0,1.8,1.8,0,,07:43:00,17:09:00,9.43,7.72,17.15,1,1,4,4,0,0,,,,,,8,5.5,4,0,,,,
2020-02-01,10.9,6.79,7.05,3.2,,,93,79.5,78,63,9.6,3.4,4.2,-1.2,46,27.17,24.5,3,59,28,102.29,101.53,101.42,100.54,102.29,101.53,101.42,100.54,48300,34066.7,30600,12900,2.7,2.2,1.8,1,10.9,0,2,0,0,5.8,5.8,0,,07:45:00,17:07:00,9.37,7.75,17.12,1,1,6,7,0,2,,,,,,8,5,4,0,,,,
2020-01-31,12.3,9.36,9.44,6.6,,,97,94.3,91.5,86,10.4,8.5,8.2,6.1,32,21,23,14,42,18,101.73,101.18,101.19,100.64,101.74,101.19,101.19,100.64,24100,13316.7,13250,2400,2.3,1.9,1.9,1.5,8.6,0,4.4,2.4,0,34.8,34.8,0,,07:46:00,17:06:00,9.33,7.77,17.1,,,11,11,7,9,,,,,,8,8,8,8,,,,
2020-01-30,8.6,6.55,6.35,4.1,,,96,86.7,82,68,6.2,4.4,4.6,3,24,16.12,16,8,35,10,102.57,102.1,102.07,101.57,102.58,102.11,102.08,101.58,32200,24583.3,17700,3200,2.4,1.8,1.8,1.2,11.7,0,1.4,0,0,6.4,6.4,0,,07:47:00,17:04:00,9.28,7.78,17.07,1,1,8,8,8,9,,,,,,8,7.7,5,2,,,,
2020-01-29,10.9,7.77,8.35,5.8,,,95,91,87,79,7.8,6.4,6,4.3,33,16.46,18.5,4,42,13,102.34,101.88,101.93,101.53,102.35,101.89,101.95,101.55,32200,26220.8,19300,6400,2.5,1.9,1.8,1.1,9.7,0,3.4,1.4,0,6.6,6.6,0,,07:49:00,17:03:00,9.23,7.82,17.05,1,1,9,9,4,6,,,,,,8,4.8,4.5,1,,,,
2020-01-28,9.9,6.69,7.25,4.6,,,97,91.1,89,81,7.3,5.3,5.5,3.8,26,10.88,14.5,3,37,10,102.17,101.61,101.59,101.01,102.18,101.62,101.6,101.02,32200,29500,28150,24100,2.6,2,1.8,1.1,10.8,0,2.2,0.2,0,1.6,1.6,0,,07:50:00,17:01:00,9.18,7.83,17.02,1,1,9,9,7,7,,,,,,8,6.7,6,4,,,,
2020-01-27,9.5,7.15,7,4.5,,,93,82.7,81.5,70,5.6,4.4,4.5,3.3,28,19.5,18,8,52,12,102.07,101.59,101.53,100.99,102.08,101.6,101.54,101,32200,28704.2,24150,16100,2.6,2.2,2.2,1.8,11,0,2,0,0,4.6,4.6,0,,07:51:00,16:59:00,9.13,7.85,16.98,1,1,9,10,6,6,,,,,,8,7,5,2,,,,
2020-01-26,11,8.55,8.55,6.1,,,91,83.7,81,71,7.3,5.9,6,4.8,27,21.58,22,17,39,13,101.53,101.11,101.06,100.59,101.54,101.12,101.06,100.58,40200,32520.8,32150,24100,2.4,1.9,1.8,1.3,9.4,0,3.5,1.6,0,4.2,4.2,0,,07:52:00,16:58:00,9.1,7.87,16.97,1,1,10,12,6,6,,,,,,8,7.6,6.5,5,,,,
2020-01-25,8.8,7.47,7.65,6.5,,,96,92,90.5,85,7.2,6.3,6.1,5,21,13.42,14,7,,,101.64,101.36,101.28,100.91,101.65,101.37,101.28,100.91,32200,23070.8,17900,3600,2.3,1.8,1.8,1.4,10.3,0,2.6,0.6,0,5,5,0,,07:53:00,16:56:00,9.05,7.88,16.93,1,1,9,9,6,6,,,,,,8,8,7.5,7,,,,